athlete,year,performance,place,date
Kenza Tifahi Dahmani,2019,2:50:04,Casablanca (MAR),06 OCT 2019
Kenza Tifahi Dahmani,2018,2:46:03,Tunis (TUN),02 DEC 2018
Kenza Tifahi Dahmani,2017,2:33:21,Łódź (POL),23 APR 2017
Kenza Tifahi Dahmani,2016,2:33:53,Roma (ITA),10 APR 2016
Kenza Tifahi Dahmani,2015,2:39:21,Toulouse (FRA),25 OCT 2015
Kenza Tifahi Dahmani,2013,2:48:25,Toulouse (FRA),27 OCT 2013
Kenza Tifahi Dahmani,2009,2:40:29,Toulouse (FRA),25 OCT 2009
Kenza Tifahi Dahmani,2008,2:39:38,Madrid (ESP),27 APR 2008
Souad At Salem (-Mahour-Bacha),2015,2:27:21,Hannover (GER),19 APR 2015
Souad At Salem (-Mahour-Bacha),2014,2:33:09,Hannover (GER),27 APR 2014
Souad At Salem (-Mahour-Bacha),2012,2:27:21,Praha (CZE),13 MAY 2012
Souad At Salem (-Mahour-Bacha),2008,2:27:41,London (GBR),13 APR 2008
Souad At Salem (-Mahour-Bacha),2007,2:25:08,Roma (ITA),18 MAR 2007
Sandra Edith Torres lvarez,2008,2:48:04,Buenos Aires (ARG),12 OCT 2008
Sandra Edith Torres lvarez,2006,2:49:04,Buenos Aires (ARG),29 OCT 2006
Sandra Edith Torres lvarez,2005,2:39:01,San Sebastián (ESP),27 NOV 2005
Sandra Edith Torres lvarez,2004,2:40:23,Buenos Aires (ARG),11 APR 2004
Sandra Edith Torres lvarez,2001,2:51:11,Buenos Aires (ARG),30 SEP 2001
Rosa Liliana Godoy,2017,2:49:30,"Olympic Stadium, London (GBR)",06 AUG 2017
Rosa Liliana Godoy,2016,2:38:36,Rotterdam (NED),10 APR 2016
Rosa Liliana Godoy,2015,2:39:28,Valencia (ESP),15 NOV 2015
Rosa Liliana Godoy,2014,2:44:04,Buenos Aires (ARG),12 OCT 2014
Rosa Liliana Godoy,2013,2:48:59,Wien (AUT),14 APR 2013
Rosa Liliana Godoy,2012,2:56:53,Rotterdam (NED),15 APR 2012
Kerryn Anne McCann (Hindmarsh-),2006,2:30:54,Melbourne (AUS),19 MAR 2006
Kerryn Anne McCann (Hindmarsh-),2005,2:39:35,Tokyo (JPN),20 NOV 2005
Kerryn Anne McCann (Hindmarsh-),2004,2:41:41,"Olympic Stadium, Athina (GRE)",22 AUG 2004
Kerryn Anne McCann (Hindmarsh-),2002,2:28:30,Osaka (JPN),27 JAN 2002
Kerryn Anne McCann (Hindmarsh-),2001,2:26:04,"Chicago, IL (USA)",07 OCT 2001
Kerryn Anne McCann (Hindmarsh-),2000,2:25:59,London (GBR),16 APR 2000
Kerryn Anne McCann (Hindmarsh-),1999,2:28:44,London (GBR),18 APR 1999
Kerryn Anne McCann (Hindmarsh-),1996,2:36:41,"Olympic Stadium, Atlanta, GA (USA)",28 JUL 1996
Kerryn Anne McCann (Hindmarsh-),1995,2:33:23,London (GBR),02 APR 1995
Kerryn Anne McCann (Hindmarsh-),1994,2:34:08,Osaka (JPN),30 JAN 1994
Kate Smyth (Harris-),2010,2:39:27,Nagano (JPN),18 APR 2010
Kate Smyth (Harris-),2008,2:28:51,Nagano (JPN),20 APR 2008
Kate Smyth (Harris-),2006,2:33:39,"Chicago, IL (USA)",22 OCT 2006
Kate Smyth (Harris-),2005,2:33:42,"Chicago, IL (USA)",09 OCT 2005
Kate Smyth (Harris-),2004,2:39:40,Nagoya (JPN),14 MAR 2004
Kate Smyth (Harris-),2003,2:45:32,Rotterdam (NED),13 APR 2003
Jessica Trengove,2018,2:25:59,Toronto (CAN),21 OCT 2018
Jessica Trengove,2017,2:27:01,London (GBR),23 APR 2017
Jessica Trengove,2016,2:31:44,"Estádio Olímpico, Rio de Janeiro (BRA)",14 AUG 2016
Jessica Trengove,2015,2:27:45,Melbourne (AUS),18 OCT 2015
Jessica Trengove,2014,2:30:12,"Hampden Park, Glasgow (GBR)",27 JUL 2014
Jessica Trengove,2013,2:37:11,"Luzhniki, Moskva (RUS)",10 AUG 2013
Jessica Trengove,2012,2:31:02,Nagoya (JPN),11 MAR 2012
Lisa Jane Weightman,2020,2:26:02,Osaka (JPN),26 JAN 2020
Lisa Jane Weightman,2019,2:29:45,"Chicago, IL (USA)",13 OCT 2019
Lisa Jane Weightman,2018,2:29:11,"New York, NY (USA)",04 NOV 2018
Lisa Jane Weightman,2017,2:25:15,London (GBR),23 APR 2017
Lisa Jane Weightman,2016,2:27:35,"Houston, TX (USA)",17 JAN 2016
Lisa Jane Weightman,2013,2:26:05,Melbourne (AUS),13 OCT 2013
Lisa Jane Weightman,2012,2:27:32,"Olympic Stadium, London (GBR)",05 AUG 2012
Lisa Jane Weightman,2011,2:29:23,Frankfurt (GER),30 OCT 2011
Lisa Jane Weightman,2010,2:28:48,Nagano (JPN),18 APR 2010
Lisa Jane Weightman,2009,2:30:42,"Olympiastadion, Berlin (GER)",23 AUG 2009
Lisa Jane Weightman,2008,2:32:32,London (GBR),13 APR 2008
"Susan Elizabeth ""Sue"" Hobson",2001,2:49:29,Tokyo (JPN),18 NOV 2001
"Susan Elizabeth ""Sue"" Hobson",2000,2:32:37,Osaka (JPN),30 JAN 2000
"Susan Elizabeth ""Sue"" Hobson",1999,2:33:28,Melbourne (AUS),10 OCT 1999
"Susan Elizabeth ""Sue"" Hobson",1997,2:32:43,Brisbane (AUS),13 JUL 1997
"Susan Elizabeth ""Sue"" Hobson",1994,2:32:57,Canberra (AUS),10 APR 1994
Eva-Maria Gradwohl (Wilfing-),2009,2:35:41,Firenze (ITA),29 NOV 2009
Eva-Maria Gradwohl (Wilfing-),2008,2:30:51,Linz (AUT),13 APR 2008
Eva-Maria Gradwohl (Wilfing-),2007,2:36:21,Berlin (GER),30 SEP 2007
Eva-Maria Gradwohl (Wilfing-),2006,2:37:32,Graz (AUT),15 OCT 2006
Eva-Maria Gradwohl (Wilfing-),2005,2:39:44,Wien (AUT),22 MAY 2005
Eva-Maria Gradwohl (Wilfing-),2004,2:38:04,Wien (AUT),16 MAY 2004
Eva-Maria Gradwohl (Wilfing-),2003,2:39:48,Wien (AUT),25 MAY 2003
Eva-Maria Gradwohl (Wilfing-),2002,2:40:39,Graz (AUT),06 OCT 2002
Eva-Maria Gradwohl (Wilfing-),2000,2:46:44,Wien (AUT),21 MAY 2000
Eva-Maria Gradwohl (Wilfing-),1999,2:50:56,Graz (AUT),17 OCT 1999
Andrea Mayr,2016,2:41:52,"Estádio Olímpico, Rio de Janeiro (BRA)",14 AUG 2016
Andrea Mayr,2015,2:33:28,Frankfurt (GER),25 OCT 2015
Andrea Mayr,2012,2:34:51,"Olympic Stadium, London (GBR)",05 AUG 2012
Andrea Mayr,2011,2:32:33,Frankfurt (GER),30 OCT 2011
Andrea Mayr,2010,2:34:09,Wien (AUT),18 APR 2010
Andrea Mayr,2009,2:30:43,Wien (AUT),19 APR 2009
Eunice Jepkirui Kirwa,2017,2:21:17,Nagoya (JPN),12 MAR 2017
Eunice Jepkirui Kirwa,2016,2:22:40,Nagoya (JPN),13 MAR 2016
Eunice Jepkirui Kirwa,2015,2:22:08,Nagoya (JPN),08 MAR 2015
Eunice Jepkirui Kirwa,2014,2:25:37,Incheon (KOR),02 OCT 2014
Eunice Jepkirui Kirwa,2013,2:23:34,Paris (FRA),07 APR 2013
Eunice Jepkirui Kirwa,2012,2:21:41,Amsterdam (NED),21 OCT 2012
Lishan Dula Gemgchu,2016,2:38:19,Hong Kong (HKG),17 JAN 2016
Lishan Dula Gemgchu,2015,2:34:55,Brighton (GBR),12 APR 2015
Lishan Dula Gemgchu,2014,2:33:10,Dubai (UAE),24 JAN 2014
Lishan Dula Gemgchu,2013,2:38:47,"Luzhniki, Moskva (RUS)",10 AUG 2013
Lishan Dula Gemgchu,2012,2:28:22,Tokyo (JPN),26 FEB 2012
Lishan Dula Gemgchu,2011,2:26:56,Rotterdam (NED),10 APR 2011
Lishan Dula Gemgchu,2010,2:33:56,Guangzhou (CHN),27 NOV 2010
Els Rens,2016,2:45:52,"Estádio Olímpico, Rio de Janeiro (BRA)",14 AUG 2016
Els Rens,2015,2:38:16,Eindhoven (NED),11 OCT 2015
Els Rens,2013,2:41:19,Eindhoven (NED),13 OCT 2013
Els Rens,2012,2:42:09,Eindhoven (NED),14 OCT 2012
Els Rens,2011,2:47:22,Eindhoven (NED),09 OCT 2011
Els Rens,2010,2:53:34,Eindhoven (NED),10 OCT 2010
Veerle Dejaeghere,2016,2:37:39,"Estádio Olímpico, Rio de Janeiro (BRA)",14 AUG 2016
Veerle Dejaeghere,2015,2:31:56,Berlin (GER),27 SEP 2015
"Magda Ilands (-Moons, -Versluys)",1989,2:38:03,"Houston, TX (USA)",15 JAN 1989
"Magda Ilands (-Moons, -Versluys)",1988,2:35:36,Huy (BEL),30 APR 1988
"Magda Ilands (-Moons, -Versluys)",1987,2:34:23,Berlin (GER),04 OCT 1987
"Magda Ilands (-Moons, -Versluys)",1986,2:33:53,Berlin (GER),28 SEP 1986
"Magda Ilands (-Moons, -Versluys)",1985,2:34:10,Berlin (GER),29 SEP 1985
"Magda Ilands (-Moons, -Versluys)",1984,2:35:36,Paris (FRA),23 SEP 1984
"Magda Ilands (-Moons, -Versluys)",1983,2:37:51,Antwerpen (BEL),10 SEP 1983
"Magda Ilands (-Moons, -Versluys)",1982,2:38:58,Berchem (BEL),17 SEP 1982
"Magda Ilands (-Moons, -Versluys)",1981,2:37:56,Berchem (BEL),11 SEP 1981
"Magda Ilands (-Moons, -Versluys)",1980,2:41:22,Berchem (BEL),12 SEP 1980
Manuela Soccol,2019,2:40:05,Wien (AUT),07 APR 2019
Manuela Soccol,2017,2:38:03,Hamburg (GER),23 APR 2017
Manuela Soccol,2016,2:37:09,Hamburg (GER),17 APR 2016
Manuela Soccol,2015,2:39:29,Berlin (GER),27 SEP 2015
Sonia Calizaya Huanca,2015,2:47:03,Buenos Aires (ARG),11 OCT 2015
Sonia Calizaya Huanca,2014,2:57:11,La Paz (BOL),16 MAR 2014
Sonia Calizaya Huanca,2008,2:45:53,"National Stadium, Beijing (CHN)",17 AUG 2008
Sonia Calizaya Huanca,2007,2:45:05,Buenos Aires (ARG),04 NOV 2007
Solange Cordeiro de Souza,1996,2:56:23,"Olympic Stadium, Atlanta, GA (USA)",28 JUL 1996
Solange Cordeiro de Souza,1994,2:36:30,"Orlando, FL (USA)",16 JAN 1994
Anglica de Almeida,1992,2:37:40,London (GBR),12 APR 1992
Anglica de Almeida,1988,2:43:40,"Olympic Stadium, Jamsil, Seoul (KOR)",23 SEP 1988
Eleonora Costa Soares de Mendona,1984,2:52:19,"Memorial Coliseum, Los Angeles, CA (USA)",05 AUG 1984
Adriana Aparecida da Silva,2019,2:42:44,Hamburg (GER),28 APR 2019
Adriana Aparecida da Silva,2018,2:41:00,"New York, NY (USA)",04 NOV 2018
Adriana Aparecida da Silva,2017,2:35:44,Hamburg (GER),23 APR 2017
Adriana Aparecida da Silva,2016,2:31:23,Hamburg (GER),17 APR 2016
Adriana Aparecida da Silva,2015,2:35:28,Nagoya (JPN),08 MAR 2015
Adriana Aparecida da Silva,2014,2:38:05,Berlin (GER),28 SEP 2014
Adriana Aparecida da Silva,2013,2:31:44,London (GBR),21 APR 2013
Adriana Aparecida da Silva,2012,2:29:17,Tokyo (JPN),26 FEB 2012
Adriana Aparecida da Silva,2011,2:33:48,Wien (AUT),17 APR 2011
Adriana Aparecida da Silva,2010,2:32:30,Berlin (GER),26 SEP 2010
Adriana Aparecida da Silva,2009,2:40:54,"Olympiastadion, Berlin (GER)",23 AUG 2009
Marily dos Santos,2016,2:45:08,"Estádio Olímpico, Rio de Janeiro (BRA)",14 AUG 2016
Marily dos Santos,2015,2:37:25,Sevilla (ESP),22 FEB 2015
Marily dos Santos,2014,2:44:18,Porto Alegre (BRA),18 MAY 2014
Marily dos Santos,2013,2:46:07,Rio de Janeiro (BRA),07 JUL 2013
Marily dos Santos,2012,2:31:55,Padova (ITA),22 APR 2012
Marily dos Santos,2011,2:35:31,Frankfurt (GER),30 OCT 2011
Marily dos Santos,2010,2:41:38,Sao Paulo (BRA),02 MAY 2010
Marily dos Santos,2009,2:45:46,Sao Paulo (BRA),31 MAY 2009
Marily dos Santos,2008,2:36:21,Florianópolis (BRA),20 APR 2008
Marily dos Santos,2005,2:49:46,Sao Paolo (BRA),17 APR 2005
Marily dos Santos,2004,2:52:12,Sao Paulo (BRA),02 MAY 2004
Graciete Feira de Santana,2017,2:55:41,Rio de Janeiro (BRA),18 JUN 2017
Graciete Feira de Santana,2016,2:38:33,Sevilla (ESP),21 FEB 2016
Graciete Feira de Santana,2015,2:41:16,Rio de Janeiro (BRA),26 JUL 2015
Graciete Feira de Santana,2013,2:46:47,Porto Alegre (BRA),16 JUN 2013
Graciete Feira de Santana,2012,2:42:21,Rio de Janeiro (BRA),08 JUL 2012
Graciete Feira de Santana,2011,2:51:50,Londrina (BRA),28 AUG 2011
Militsa Mircheva,2016,2:51:06,"Estádio Olímpico, Rio de Janeiro (BRA)",14 AUG 2016
Militsa Mircheva,2015,2:44:23,Podgorica (MNE),25 OCT 2015
Nary Ly,2016,3:20:20,"Estádio Olímpico, Rio de Janeiro (BRA)",14 AUG 2016
Nary Ly,2015,2:59:42,Valencia (ESP),15 NOV 2015
Nary Ly,2012,3:05:05,Paris (FRA),15 APR 2012
Nary Ly,2011,3:03:01,Paris (FRA),10 APR 2011
Lanni Marchant,2016,2:33:08,"Estádio Olímpico, Rio de Janeiro (BRA)",14 AUG 2016
Lanni Marchant,2015,2:28:09,Toronto (CAN),18 OCT 2015
Lanni Marchant,2014,2:31:06,Toronto (CAN),19 OCT 2014
Lanni Marchant,2013,2:28:00,Toronto (CAN),20 OCT 2013
Lanni Marchant,2012,2:31:51,Rotterdam (NED),15 APR 2012
Lanni Marchant,2011,2:44:09,"Chicago, IL (USA)",09 OCT 2011
Odette Lapierre,1992,2:46:18,"Estadio Olímpico, Barcelona (ESP)",01 AUG 1992
Odette Lapierre,1991,2:34:52,St. Paul (USA),06 OCT 1991
Odette Lapierre,1988,2:30:56,"Olympic Stadium, Jamsil, Seoul (KOR)",23 SEP 1988
Odette Lapierre,1987,2:40:20,"Stadio Olimpico, Roma (ITA)",29 AUG 1987
Odette Lapierre,1986,2:31:48,Edinburgh (GBR),01 AUG 1986
Odette Lapierre,1985,2:33:46,Montreal (CAN),22 SEP 1985
Anne Marie Malone (-Macrow),1984,2:33:00,Ottawa (CAN),13 MAY 1984
Anne Marie Malone (-Macrow),1983,2:36:23,"Chicago, IL (USA)",16 OCT 1983
Krista DuChene,2019,2:32:27,Berlin (GER),29 SEP 2019
Krista DuChene,2018,2:36:46,Toronto (CAN),21 OCT 2018
Krista DuChene,2017,2:43:31,London (GBR),23 APR 2017
Krista DuChene,2016,2:34:00,Toronto (CAN),16 OCT 2016
Krista DuChene,2015,2:29:38,Rotterdam (NED),12 APR 2015
Krista DuChene,2013,2:28:32,Toronto (CAN),20 OCT 2013
Krista DuChene,2012,2:32:06,Rotterdam (NED),15 APR 2012
Krista DuChene,2010,2:39:08,Ottawa (CAN),30 MAY 2010
Krista DuChene,2009,2:50:37,Toronto (CAN),27 SEP 2009
rika Alejandra Olivera de la Fuente,2015,2:42:10,Vina del Mar (CHI),04 OCT 2015
rika Alejandra Olivera de la Fuente,2011,2:36:27,Santiago de Chile (CHI),03 APR 2011
rika Alejandra Olivera de la Fuente,2010,2:49:56,Santiago de Chile (CHI),11 APR 2010
rika Alejandra Olivera de la Fuente,2009,2:36:19,Santiago de Chile (CHI),05 APR 2009
rika Alejandra Olivera de la Fuente,2002,2:38:11,Sao Paulo (BRA),14 JUL 2002
Natalia del Carmen Romero Jaramillo,2016,2:47:20,Santiago de Chile (CHI),03 APR 2016
Natalia del Carmen Romero Jaramillo,2015,2:43:02,Berlin (GER),27 SEP 2015
Natalia del Carmen Romero Jaramillo,2014,2:43:36,Berlin (GER),28 SEP 2014
Natalia del Carmen Romero Jaramillo,2012,2:34:55,Santiago de Chile (CHI),01 APR 2012
Natalia del Carmen Romero Jaramillo,2011,2:37:06,Santiago de Chile (CHI),03 APR 2011
Natalia del Carmen Romero Jaramillo,2010,2:40:03,Buenos Aires (ARG),10 OCT 2010
Natalia del Carmen Romero Jaramillo,2009,2:44:24,Santiago de Chile (CHI),05 APR 2009
Natalia del Carmen Romero Jaramillo,2008,2:45:42,Santiago de Chile (CHI),06 APR 2008
Natalia del Carmen Romero Jaramillo,2007,2:50:06,Santiago de Chile (CHI),04 NOV 2007
Natalia del Carmen Romero Jaramillo,2005,2:52:50,Buenos Aires (ARG),10 OCT 2005
Ren Xiujuan,2001,2:24:22,Beijing (CHN),14 OCT 2001
Ren Xiujuan,2000,2:25:32,Jinan (CHN),02 APR 2000
Ren Xiujuan,1999,2:33:58,Nagano (JPN),18 APR 1999
Ren Xiujuan,1997,2:28:52,Beijing (CHN),04 OCT 1997
Ren Xiujuan,1996,2:27:13,Beijing (CHN),20 OCT 1996
Ren Xiujuan,1995,2:30:00,Beijing (CHN),05 OCT 1995
Ren Xiujuan,1994,2:35:59,Dalian (CHN),23 OCT 1994
Li Juan,2001,2:39:42,Beijing (CHN),14 OCT 2001
Li Juan,2000,2:36:54,Beijing (CHN),15 OCT 2000
Li Juan,1991,2:35:15,Osaka (JPN),27 JAN 1991
Li Juan,1989,2:34:50,Beijing (CHN),15 OCT 1989
Li Juan,1988,2:31:44,Tianjin (CHN),03 APR 1988
Li Juan,1987,2:37:35,Hong Kong (HKG),25 JAN 1987
Wang Xueqin,2017,2:44:11,Tianjin (CHN),29 APR 2017
Wang Xueqin,2016,2:35:33,Hefei (CHN),12 NOV 2016
Wang Xueqin,2015,2:28:39,Seoul (KOR),15 MAR 2015
Wang Xueqin,2013,2:34:56,Xiamen (CHN),05 JAN 2013
Wang Xueqin,2012,2:25:53,Chongqing (CHN),18 MAR 2012
Wang Xueqin,2011,2:36:10,"DS, Daegu (KOR)",27 AUG 2011
Wang Xueqin,2010,2:28:17,Seoul (KOR),21 MAR 2010
Wang Xueqin,2009,2:36:00,Daegu (KOR),12 APR 2009
Wang Xueqin,2008,2:28:39,Seoul (KOR),16 MAR 2008
Zhu Xiaolin,2019,2:56:32,Wuxi (CHN),24 MAR 2019
Zhu Xiaolin,2012,2:24:19,Chongqing (CHN),18 MAR 2012
Zhu Xiaolin,2011,2:26:28,London (GBR),17 APR 2011
Zhu Xiaolin,2010,2:26:35,Guangzhou (CHN),27 NOV 2010
Zhu Xiaolin,2009,2:26:08,"Olympiastadion, Berlin (GER)",23 AUG 2009
Zhu Xiaolin,2008,2:27:16,"National Stadium, Beijing (CHN)",17 AUG 2008
Zhu Xiaolin,2007,2:26:08,Xiamen (CHN),31 MAR 2007
Zhu Xiaolin,2006,2:28:27,Xiamen (CHN),25 MAR 2006
Zhu Xiaolin,2005,2:32:27,Beijing (CHN),16 OCT 2005
Zhu Xiaolin,2004,2:41:04,Xiamen (CHN),27 MAR 2004
Zhu Xiaolin,2002,2:23:57,Beijing (CHN),13 OCT 2002
Hua Shaoqing,2017,2:36:38,Tianjin (CHN),29 APR 2017
Hua Shaoqing,2016,2:29:14,Chongqing (CHN),20 MAR 2016
Hua Shaoqing,2015,2:30:58,Hengshui (CHN),26 SEP 2015
Hua Shaoqing,2014,2:48:31,Beijing (CHN),19 OCT 2014
Zhong Huandi,1994,2:29:32,Hiroshima (JPN),09 OCT 1994
Zhong Huandi,1993,2:25:36,Tianjin (CHN),04 APR 1993
Zhong Huandi,1988,2:36:02,"Olympic Stadium, Jamsil, Seoul (KOR)",23 SEP 1988
Zhong Huandi,1987,2:32:13,Tianjin (CHN),29 MAR 1987
Zhang Shujing,2009,2:38:48,Seoul (KOR),14 MAR 2009
Zhang Shujing,2008,2:26:11,Seoul (KOR),16 MAR 2008
Zhang Shujing,2007,2:31:14,Xiamen (CHN),31 MAR 2007
Zhang Shujing,2006,2:30:35,Xiamen (CHN),25 MAR 2006
Zhang Shujing,2005,2:27:41,Beijing (CHN),16 OCT 2005
Zhang Shujing,2004,2:29:53,Xiamen (CHN),27 MAR 2004
Zhang Shujing,2003,2:23:18,Seoul (KOR),16 MAR 2003
Zhang Shujing,2002,2:23:17,Beijing (CHN),13 OCT 2002
Zhang Shujing,2001,2:24:42,Beijing (CHN),14 OCT 2001
Zhang Shujing,2000,2:27:14,Berlin (GER),10 SEP 2000
Zhang Shujing,1999,2:32:19,Beijing (CHN),09 OCT 1999
Zhang Shujing,1998,2:36:07,Tianjin (CHN),11 APR 1998
Zhang Shujing,1997,2:35:36,Beijing (CHN),04 OCT 1997
Zhang Shujing,1996,2:38:13,Beijing (CHN),20 OCT 1996
Zhao Youfeng,1990,2:29:35,London (GBR),22 APR 1990
Zhao Youfeng,1989,2:28:20,Nagoya (JPN),05 MAR 1989
Zhao Youfeng,1988,2:27:06,"Olympic Stadium, Jamsil, Seoul (KOR)",23 SEP 1988
Li Helan,2005,2:49:07,Xiamen (CHN),26 MAR 2005
Li Helan,2004,2:28:17,Xiamen (CHN),27 MAR 2004
Li Helan,2003,2:29:46,"Stade de France, Paris-St-Denis (FRA)",31 AUG 2003
Li Helan,2002,2:26:59,Beijing (CHN),13 OCT 2002
Li Helan,2001,2:31:05,Jinan (CHN),07 APR 2001
Li Helan,2000,2:41:21,Beijing (CHN),15 OCT 2000
Yue Chao,2017,2:46:14,Tianjin (CHN),29 APR 2017
Yue Chao,2016,2:30:25,Chongqing (CHN),20 MAR 2016
Yue Chao,2015,2:29:26,Seoul (KOR),15 MAR 2015
Yue Chao,2014,2:31:10,Hamburg (GER),04 MAY 2014
Yue Chao,2013,2:49:44,"Chicago, IL (USA)",13 OCT 2013
Yue Chao,2012,2:30:18,Beijing (CHN),25 NOV 2012
Yue Chao,2011,2:32:57,"Chicago, IL (USA)",09 OCT 2011
Yue Chao,2010,2:33:38,Dalian (CHN),18 APR 2010
Yue Chao,2009,2:39:58,Hangzhou (CHN),08 NOV 2009
Zhou Chunxiu,2012,2:23:42,Chongqing (CHN),18 MAR 2012
Zhou Chunxiu,2011,2:34:29,London (GBR),17 APR 2011
Zhou Chunxiu,2010,2:25:00,Guangzhou (CHN),27 NOV 2010
Zhou Chunxiu,2009,2:25:39,"Olympiastadion, Berlin (GER)",23 AUG 2009
Zhou Chunxiu,2008,2:27:07,"National Stadium, Beijing (CHN)",17 AUG 2008
Zhou Chunxiu,2007,2:20:38,London (GBR),22 APR 2007
Zhou Chunxiu,2006,2:19:51,Seoul (KOR),12 MAR 2006
Zhou Chunxiu,2005,2:21:11,Beijing (CHN),16 OCT 2005
Zhou Chunxiu,2004,2:23:28,Xiamen (CHN),27 MAR 2004
Zhou Chunxiu,2003,2:23:41,Beijing (CHN),19 OCT 2003
Wang Jiali,2017,2:33:36,Tianjin (CHN),29 APR 2017
Wang Jiali,2015,2:33:39,Hengshui (CHN),26 SEP 2015
Wang Jiali,2012,2:22:41,Chongqing (CHN),18 MAR 2012
Wang Jiali,2011,2:30:25,"DS, Daegu (KOR)",27 AUG 2011
Wang Jiali,2010,2:29:31,Beijing (CHN),24 OCT 2010
Wang Jiali,2009,2:33:58,Xiamen (CHN),03 JAN 2009
Wang Jiali,2008,2:26:01,Zhengzhou (CHN),30 MAR 2008
Wang Jiali,2007,2:39:04,Beijing (CHN),21 OCT 2007
Angie Orjuela Soche,2019,2:32:27,Lima (PER),27 JUL 2019
Angie Orjuela Soche,2018,2:54:18,Medellín (COL),16 SEP 2018
Angie Orjuela Soche,2016,2:35:13,Hamburg (GER),17 APR 2016
Angie Orjuela Soche,2015,2:34:58,Santiago de Chile (CHI),12 APR 2015
Angie Orjuela Soche,2014,2:48:25,Medellín (COL),14 SEP 2014
Angie Orjuela Soche,2012,2:54:10,Santander de Quilichao (COL),17 NOV 2012
Annemette Jensen,2009,2:54:24,"Chicago, IL (USA)",11 OCT 2009
Annemette Jensen,2006,2:41:17,Zürich (SUI),09 APR 2006
Annemette Jensen,2005,2:40:24,Hamburg (GER),24 APR 2005
Annemette Jensen,2004,2:30:07,Zürich (SUI),04 APR 2004
Annemette Jensen,2003,2:31:55,"Stade de France, Paris-St-Denis (FRA)",31 AUG 2003
Annemette Jensen,2002,2:37:27,München (GER),10 AUG 2002
Annemette Jensen,2001,2:33:21,Frankfurt (GER),28 OCT 2001
Annemette Jensen,2000,2:35:33,Praha (CZE),21 MAY 2000
Annemette Jensen,1999,2:36:02,"Chicago, IL (USA)",24 OCT 1999
Annemette Jensen,1998,2:39:23,Amsterdam (NED),01 NOV 1998
Anne Sofie Holm Baumeister (Jrgensen-),2017,2:33:02,Frankfurt (GER),29 OCT 2017
Anne Sofie Holm Baumeister (Jrgensen-),2016,2:39:49,"Estádio Olímpico, Rio de Janeiro (BRA)",14 AUG 2016
Anne Sofie Holm Baumeister (Jrgensen-),2015,2:34:28,Frankfurt (GER),25 OCT 2015
Anne Sofie Holm Baumeister (Jrgensen-),2014,2:39:13,Frankfurt (GER),26 OCT 2014
"Jessica Margaret Aida ""Jess"" Draskau-Petersson",2018,2:44:11,"Chicago, IL (USA)",07 OCT 2018
"Jessica Margaret Aida ""Jess"" Draskau-Petersson",2017,2:38:31,"Chicago, IL (USA)",08 OCT 2017
"Jessica Margaret Aida ""Jess"" Draskau-Petersson",2016,2:36:14,"Estádio Olímpico, Rio de Janeiro (BRA)",14 AUG 2016
"Jessica Margaret Aida ""Jess"" Draskau-Petersson",2015,2:30:07,"Chicago, IL (USA)",11 OCT 2015
"Jessica Margaret Aida ""Jess"" Draskau-Petersson",2014,2:30:53,"Letzigrund, Zürich (SUI)",16 AUG 2014
"Jessica Margaret Aida ""Jess"" Draskau-Petersson",2012,2:31:43,"Olympic Stadium, London (GBR)",05 AUG 2012
"Jessica Margaret Aida ""Jess"" Draskau-Petersson",2005,2:42:00,Berlin (GER),25 SEP 2005
"Jessica Margaret Aida ""Jess"" Draskau-Petersson",2003,2:46:10,London (GBR),13 APR 2003
Sandra de las Mercedes Ruales Mosquera,2011,2:48:01,Lima (PER),15 MAY 2011
Sandra de las Mercedes Ruales Mosquera,2010,2:52:19,Panama City (PAN),05 DEC 2010
Sandra de las Mercedes Ruales Mosquera,2009,2:45:25,Guayaquil (ECU),04 OCT 2009
Sandra de las Mercedes Ruales Mosquera,2008,2:35:53,"National Stadium, Beijing (CHN)",17 AUG 2008
Sandra de las Mercedes Ruales Mosquera,2007,2:44:44,Benidorm (ESP),25 NOV 2007
Sandra de las Mercedes Ruales Mosquera,2006,2:37:18,"Miami, FL (USA)",29 JAN 2006
Sandra de las Mercedes Ruales Mosquera,2005,2:37:02,"Miami, FL (USA)",30 JAN 2005
Sandra de las Mercedes Ruales Mosquera,2004,2:44:08,Benidorm (ESP),28 NOV 2004
Sandra de las Mercedes Ruales Mosquera,2003,2:37:46,Madrid (ESP),27 APR 2003
Sandra de las Mercedes Ruales Mosquera,2002,2:43:53,Ibiza (ESP),31 MAR 2002
Sandra de las Mercedes Ruales Mosquera,2001,2:42:11,Benidorm (ESP),25 NOV 2001
Mara Elena Calle Galarza,2016,2:42:19,"Houston, TX (USA)",17 JAN 2016
Mara Elena Calle Galarza,2015,2:44:33,"Chicago, IL (USA)",11 OCT 2015
Mara Elena Calle Galarza,2014,2:43:26,"Chicago, IL (USA)",12 OCT 2014
Silvia Paredes Yucailla,2019,2:40:58,Buenos Aires (ARG),22 SEP 2019
Silvia Paredes Yucailla,2017,2:43:21,Praha (CZE),07 MAY 2017
Silvia Paredes Yucailla,2016,2:42:05,"Houston, TX (USA)",17 JAN 2016
Silvia Paredes Yucailla,2015,2:49:49,Torreón (MEX),01 MAR 2015
Rosa Alba Chacha Chacha,2019,2:32:45,Lima (PER),27 JUL 2019
Rosa Alba Chacha Chacha,2018,2:35:29,Buenos Aires (ARG),23 SEP 2018
Rosa Alba Chacha Chacha,2017,2:37:06,Praha (CZE),07 MAY 2017
Rosa Alba Chacha Chacha,2016,2:48:52,"Estádio Olímpico, Rio de Janeiro (BRA)",14 AUG 2016
Rosa Alba Chacha Chacha,2015,2:35:29,Sevilla (ESP),22 FEB 2015
Rosa Alba Chacha Chacha,2013,2:42:03,Buenos Aires (ARG),13 OCT 2013
Rosa Alba Chacha Chacha,2012,2:40:57,"Olympic Stadium, London (GBR)",05 AUG 2012
Rosa Alba Chacha Chacha,2011,2:37:27,Santiago de Chile (CHI),03 APR 2011
Rosa Alba Chacha Chacha,2010,2:37:17,Buenos Aires (ARG),10 OCT 2010
Martha Tenorio Pancar,2010,2:56:21,Quito (ECU),18 JUL 2010
Martha Tenorio Pancar,2007,2:46:41,"Denver, CO (USA)",14 OCT 2007
Martha Tenorio Pancar,2004,2:41:14,Torreón (MEX),07 MAR 2004
Martha Tenorio Pancar,2003,2:42:03,Torreón (MEX),02 MAR 2003
Martha Tenorio Pancar,2000,2:33:54,"Olympic Stadium, Sydney (AUS)",24 SEP 2000
Martha Tenorio Pancar,1999,2:39:13,Sapporo (JPN),29 AUG 1999
Martha Tenorio Pancar,1998,2:36:40,Brasilia (BRA),21 APR 1998
Lily Luik,2016,2:48:29,"Estádio Olímpico, Rio de Janeiro (BRA)",14 AUG 2016
Lily Luik,2015,2:40:30,Valencia (ESP),15 NOV 2015
Lily Luik,2014,2:41:58,Torino (ITA),16 NOV 2014
Lily Luik,2013,2:50:17,Tallinn (EST),08 SEP 2013
Lily Luik,2012,2:55:27,Firenze (ITA),25 NOV 2012
Leila Luik,2016,2:42:11,Hamburg (GER),17 APR 2016
Leila Luik,2014,2:45:59,"Letzigrund, Zürich (SUI)",16 AUG 2014
Leila Luik,2013,2:37:12,Shanghai (CHN),01 DEC 2013
Leila Luik,2012,2:40:12,Amsterdam (NED),21 OCT 2012
Leila Luik,2011,2:52:05,Tallinn (EST),11 SEP 2011
Evelin Talts,2019,3:08:20,Tallinn (EST),08 SEP 2019
Evelin Talts,2017,3:05:41,Tallinn (EST),10 SEP 2017
Evelin Talts,2015,2:55:29,Tallinn (EST),13 SEP 2015
Evelin Talts,2014,2:56:26,Tallinn (EST),14 SEP 2014
Evelin Talts,2013,2:41:54,Paris (FRA),07 APR 2013
Evelin Talts,2012,2:39:18,Rotterdam (NED),15 APR 2012
Evelin Talts,2011,2:59:19,Tallinn (EST),11 SEP 2011
Fatuma Roba,2004,2:28:05,Nagano (JPN),11 APR 2004
Fatuma Roba,2003,2:31:05,Nagano (JPN),20 APR 2003
Fatuma Roba,2002,2:27:16,Nagano (JPN),14 APR 2002
Fatuma Roba,2001,2:27:22,"San Diego, CA (USA)",03 JUN 2001
Fatuma Roba,2000,2:27:38,"Olympic Stadium, Sydney (AUS)",24 SEP 2000
Fatuma Roba,1999,2:27:05,Tokyo (JPN),21 NOV 1999
Fatuma Roba,1998,2:36:22,Tokyo (JPN),15 NOV 1998
Fatuma Roba,1997,2:30:39,Tokyo (JPN),30 NOV 1997
Fatuma Roba,1996,2:26:05,"Olympic Stadium, Atlanta, GA (USA)",28 JUL 1996
Fatuma Roba,1994,2:35:25,Paris (FRA),24 APR 1994
Tirfi Tsegaye Beyene,2019,2:28:30,Hengshui (CHN),29 SEP 2019
Tirfi Tsegaye Beyene,2016,2:19:41,Dubai (UAE),22 JAN 2016
Tirfi Tsegaye Beyene,2015,2:23:41,London (GBR),26 APR 2015
Tirfi Tsegaye Beyene,2014,2:20:18,Berlin (GER),28 SEP 2014
Tirfi Tsegaye Beyene,2013,2:23:23,Dubai (UAE),25 JAN 2013
Tirfi Tsegaye Beyene,2012,2:21:19,Berlin (GER),30 SEP 2012
Tirfi Tsegaye Beyene,2010,2:22:44,Toronto (CAN),26 SEP 2010
Tirfi Tsegaye Beyene,2009,2:28:16,Shanghai (CHN),29 NOV 2009
Tirfi Tsegaye Beyene,2008,2:35:32,Porto (POR),26 OCT 2008
Elfenesh Alemu,2011,2:29:04,Mumbai (IND),16 JAN 2011
Elfenesh Alemu,2009,2:35:36,"Chicago, IL (USA)",11 OCT 2009
Elfenesh Alemu,2005,2:26:50,Tokyo (JPN),20 NOV 2005
Elfenesh Alemu,2004,2:26:58,Tokyo (JPN),21 NOV 2004
Elfenesh Alemu,2003,2:24:47,Tokyo (JPN),16 NOV 2003
Elfenesh Alemu,2002,2:29:31,Tokyo (JPN),17 NOV 2002
Elfenesh Alemu,2001,2:24:29,London (GBR),22 APR 2001
Elfenesh Alemu,2000,2:24:47,Osaka (JPN),30 JAN 2000
Elfenesh Alemu,1999,2:28:52,"La Cartuja, Sevilla (ESP)",29 AUG 1999
Elfenesh Alemu,1998,2:30:19,Amsterdam (NED),01 NOV 1998
Elfenesh Alemu,1997,2:37:36,Amsterdam (NED),02 NOV 1997
Elfenesh Alemu,1996,2:36:29,Roma (ITA),24 MAR 1996
Dire Tune Arissi,2017,2:28:55,Firenze (ITA),26 NOV 2017
Dire Tune Arissi,2010,2:23:44,Frankfurt (GER),31 OCT 2010
Dire Tune Arissi,2009,2:32:42,"Olympiastadion, Berlin (GER)",23 AUG 2009
Dire Tune Arissi,2008,2:24:39,"Houston, TX (USA)",13 JAN 2008
Dire Tune Arissi,2007,2:26:52,"Houston, TX (USA)",14 JAN 2007
Dire Tune Arissi,2006,2:35:15,Hong Kong (HKG),12 FEB 2006
Dire Tune Arissi,2005,2:30:48,"Los Angeles, CA (USA)",06 MAR 2005
Gadissie Edato,2002,2:33:36,Roma (ITA),24 MAR 2002
Gadissie Edato,2001,2:42:08,Roma (ITA),25 MAR 2001
Gadissie Edato,2000,2:32:11,Roma (ITA),01 JAN 2000
Gadissie Edato,1999,2:29:57,Venezia (ITA),24 OCT 1999
Gadissie Edato,1998,2:36:57,Venezia (ITA),25 OCT 1998
Gadissie Edato,1997,2:40:55,St. Paul (USA),05 OCT 1997
Gadissie Edato,1996,2:36:46,Torino (ITA),12 MAY 1996
Erba Tiki Gelana,2015,2:24:26,Tokyo (JPN),22 FEB 2015
Erba Tiki Gelana,2014,2:26:58,London (GBR),13 APR 2014
Erba Tiki Gelana,2013,2:36:55,London (GBR),21 APR 2013
Erba Tiki Gelana,2012,2:18:58,Rotterdam (NED),15 APR 2012
Erba Tiki Gelana,2011,2:22:08,Amsterdam (NED),16 OCT 2011
Erba Tiki Gelana,2010,2:29:27,"Los Angeles, CA (USA)",21 MAR 2010
Erba Tiki Gelana,2009,2:33:49,Dublin (IRL),26 OCT 2009
Aselefech Mergia,2017,2:23:08,London (GBR),23 APR 2017
Aselefech Mergia,2016,2:23:57,London (GBR),24 APR 2016
Aselefech Mergia,2015,2:20:02,Dubai (UAE),23 JAN 2015
Aselefech Mergia,2012,2:19:31,Dubai (UAE),27 JAN 2012
Aselefech Mergia,2011,2:22:45,Dubai (UAE),21 JAN 2011
Aselefech Mergia,2010,2:22:38,London (GBR),25 APR 2010
Aselefech Mergia,2009,2:25:02,Paris (FRA),05 APR 2009
Mare Dibaba Hurssa (-Ibrahimova-),2019,2:20:21,Berlin (GER),29 SEP 2019
Mare Dibaba Hurssa (-Ibrahimova-),2018,2:25:24,Frankfurt (GER),28 OCT 2018
Mare Dibaba Hurssa (-Ibrahimova-),2017,2:28:49,"Olympic Stadium, London (GBR)",06 AUG 2017
Mare Dibaba Hurssa (-Ibrahimova-),2016,2:24:09,London (GBR),24 APR 2016
Mare Dibaba Hurssa (-Ibrahimova-),2015,2:19:52,Xiamen (CHN),03 JAN 2015
Mare Dibaba Hurssa (-Ibrahimova-),2014,2:21:36,Xiamen (CHN),02 JAN 2014
Mare Dibaba Hurssa (-Ibrahimova-),2012,2:19:52,Dubai (UAE),27 JAN 2012
Mare Dibaba Hurssa (-Ibrahimova-),2011,2:23:25,Toronto (CAN),16 OCT 2011
Mare Dibaba Hurssa (-Ibrahimova-),2010,2:25:27,Frankfurt (GER),31 OCT 2010
Sinikka Marja-Liisa Keskitalo (Leppl-),1989,2:36:06,"Columbus, OH (USA)",12 NOV 1989
Sinikka Marja-Liisa Keskitalo (Leppl-),1988,2:43:00,"Olympic Stadium, Jamsil, Seoul (KOR)",23 SEP 1988
Sinikka Marja-Liisa Keskitalo (Leppl-),1987,2:33:48,"Columbus, OH (USA)",08 NOV 1987
Sinikka Marja-Liisa Keskitalo (Leppl-),1986,2:33:18,"Boston, MA (USA)",21 APR 1986
Sinikka Marja-Liisa Keskitalo (Leppl-),1985,2:33:53,Valkeakoski (FIN),19 MAY 1985
Sinikka Marja-Liisa Keskitalo (Leppl-),1984,2:35:15,"Memorial Coliseum, Los Angeles, CA (USA)",05 AUG 1984
Sinikka Marja-Liisa Keskitalo (Leppl-),1983,2:36:44,Tammisaari (FIN),18 SEP 1983
Sinikka Marja-Liisa Keskitalo (Leppl-),1982,2:42:11,Vantaa (FIN),24 OCT 1982
Leena Puotiniemi,2013,2:42:03,Helsinki (FIN),17 AUG 2013
Leena Puotiniemi,2012,2:38:05,Helsinki (FIN),18 AUG 2012
Leena Puotiniemi,2011,2:35:54,Berlin (GER),25 SEP 2011
Leena Puotiniemi,2010,2:44:55,Berlin (GER),26 SEP 2010
Leena Puotiniemi,2009,2:53:55,Berlin (GER),20 SEP 2009
Christelle Daunay,2017,2:32:09,"New York, NY (USA)",05 NOV 2017
Christelle Daunay,2015,2:26:57,"New York, NY (USA)",01 NOV 2015
Christelle Daunay,2014,2:25:14,"Letzigrund, Zürich (SUI)",16 AUG 2014
Christelle Daunay,2013,2:28:14,"New York, NY (USA)",03 NOV 2013
Christelle Daunay,2011,2:26:41,"Chicago, IL (USA)",09 OCT 2011
Christelle Daunay,2010,2:24:22,Paris (FRA),11 APR 2010
Christelle Daunay,2009,2:25:43,Paris (FRA),05 APR 2009
Christelle Daunay,2008,2:28:24,Osaka (JPN),27 JAN 2008
Christelle Daunay,2007,2:28:54,Paris (FRA),15 APR 2007
Jocelyne Villeton (Tranchant-),1991,2:37:04,London (GBR),21 APR 1991
Jocelyne Villeton (Tranchant-),1989,2:36:55,"Chicago, IL (USA)",29 OCT 1989
Jocelyne Villeton (Tranchant-),1988,2:34:02,"Olympic Stadium, Jamsil, Seoul (KOR)",23 SEP 1988
Jocelyne Villeton (Tranchant-),1987,2:32:03,"New York, NY (USA)",01 NOV 1987
Jocelyne Villeton (Tranchant-),1986,2:32:23,Paris (FRA),04 MAY 1986
Jocelyne Villeton (Tranchant-),1985,2:35:50,Montreal (CAN),22 SEP 1985
Corinne Raux,2005,2:28:48,Paris (FRA),10 APR 2005
Corinne Raux,2004,2:29:19,Paris (FRA),04 APR 2004
Anja Scherl,2020,2:28:25,Sevilla (ESP),23 FEB 2020
Anja Scherl,2019,2:32:31,Hannover (GER),07 APR 2019
Anja Scherl,2018,2:29:29,Osaka (JPN),28 JAN 2018
Anja Scherl,2017,2:28:54,Valencia (ESP),19 NOV 2017
Anja Scherl,2016,2:27:50,Hamburg (GER),17 APR 2016
Anja Scherl,2015,2:36:31,Hamburg (GER),26 APR 2015
Anja Scherl,2014,2:48:13,Hamburg (GER),04 MAY 2014
Irina Mikitenko (Volynskaya-),2019,2:57:25,"New York, NY (USA)",03 NOV 2019
Irina Mikitenko (Volynskaya-),2013,2:24:54,Berlin (GER),29 SEP 2013
Irina Mikitenko (Volynskaya-),2012,2:24:53,London (GBR),22 APR 2012
Irina Mikitenko (Volynskaya-),2011,2:22:18,Berlin (GER),25 SEP 2011
Irina Mikitenko (Volynskaya-),2010,2:26:40,"Chicago, IL (USA)",10 OCT 2010
Irina Mikitenko (Volynskaya-),2009,2:22:11,London (GBR),26 APR 2009
Irina Mikitenko (Volynskaya-),2008,2:19:19,Berlin (GER),28 SEP 2008
Irina Mikitenko (Volynskaya-),2007,2:24:51,Berlin (GER),30 SEP 2007
Anna Hahner,2019,2:36:09,Düsseldorf (GER),28 APR 2019
Anna Hahner,2017,2:28:32,Berlin (GER),24 SEP 2017
Anna Hahner,2016,2:30:35,Hannover (GER),10 APR 2016
Anna Hahner,2015,2:30:19,Berlin (GER),27 SEP 2015
Anna Hahner,2014,2:26:44,Berlin (GER),28 SEP 2014
Anna Hahner,2013,2:27:55,Frankfurt (GER),27 OCT 2013
Anna Hahner,2012,2:30:14,Düsseldorf (GER),29 APR 2012
Melanie Kraus,2010,2:36:00,Düsseldorf (GER),02 MAY 2010
Melanie Kraus,2008,2:28:20,Frankfurt (GER),26 OCT 2008
Melanie Kraus,2007,2:28:56,Frankfurt (GER),28 OCT 2007
Melanie Kraus,2006,2:35:37,Berlin (GER),24 SEP 2006
Melanie Kraus,2005,2:34:23,Berlin (GER),25 SEP 2005
Melanie Kraus,2002,2:44:56,München (GER),10 AUG 2002
Melanie Kraus,2001,2:31:29,Frankfurt (GER),28 OCT 2001
Melanie Kraus,2000,2:27:57,Berlin (GER),10 SEP 2000
Lisa Hahner,2016,2:34:56,Hannover (GER),10 APR 2016
Lisa Hahner,2015,2:28:39,Frankfurt (GER),25 OCT 2015
Lisa Hahner,2013,2:30:17,Frankfurt (GER),27 OCT 2013
Lisa Hahner,2012,2:31:28,Frankfurt (GER),28 OCT 2012
Susanne Hahn (Ritter-),2012,2:30:22,"Olympic Stadium, London (GBR)",05 AUG 2012
Susanne Hahn (Ritter-),2011,2:28:49,Frankfurt (GER),30 OCT 2011
Susanne Hahn (Ritter-),2009,2:29:26,Düsseldorf (GER),03 MAY 2009
Susanne Hahn (Ritter-),2008,2:29:35,Mainz (GER),04 MAY 2008
Susanne Hahn (Ritter-),2007,2:33:25,Paris (FRA),15 APR 2007
Susanne Hahn (Ritter-),2006,2:32:34,Rotterdam (NED),09 APR 2006
Luminita Zaituc,2009,2:35:06,Frankfurt (GER),25 OCT 2009
Luminita Zaituc,2008,2:30:00,Köln (GER),05 OCT 2008
Luminita Zaituc,2007,2:29:37,Düsseldorf (GER),06 MAY 2007
Luminita Zaituc,2006,2:28:30,Köln (GER),08 OCT 2006
Luminita Zaituc,2005,2:26:46,Düsseldorf (GER),08 MAY 2005
Luminita Zaituc,2004,2:36:45,"Olympic Stadium, Athina (GRE)",22 AUG 2004
Luminita Zaituc,2003,2:29:41,Frankfurt (GER),26 OCT 2003
Luminita Zaituc,2002,2:26:58,München (GER),10 AUG 2002
Luminita Zaituc,2001,2:26:01,Frankfurt (GER),28 OCT 2001
Sofia Riga,2016,2:49:07,"Estádio Olímpico, Rio de Janeiro (BRA)",14 AUG 2016
Sofia Riga,2015,2:39:53,Berlin (GER),27 SEP 2015
Sofia Riga,2013,2:39:10,Berlin (GER),29 SEP 2013
Sofia Riga,2012,2:47:09,Firenze (ITA),25 NOV 2012
Sofia Riga,2011,2:45:43,Athina (GRE),13 NOV 2011
Georgia Abatzidou,2008,2:50:18,Nagano (JPN),20 APR 2008
Georgia Abatzidou,2007,2:59:22,"Nagai Stadium, Osaka (JPN)",02 SEP 2007
Georgia Abatzidou,2006,2:48:18,Berlin (GER),24 SEP 2006
Georgia Abatzidou,2004,2:50:01,"Olympic Stadium, Athina (GRE)",22 AUG 2004
Georgia Abatzidou,2003,2:36:57,Berlin (GER),28 SEP 2003
Georgia Abatzidou,2001,2:46:52,Nagano (JPN),15 APR 2001
Georgia Abatzidou,2000,2:50:06,Praha (CZE),21 MAY 2000
Georgia Abatzidou,1997,2:56:58,"Olympic Stadium, Athina (GRE)",09 AUG 1997
Gina Lizeth Coello Touche,2001,3:07:05,Guatemala City (GUA),02 DEC 2001
Gina Lizeth Coello Touche,2000,3:02:32,"Olympic Stadium, Sydney (AUS)",24 SEP 2000
Gina Lizeth Coello Touche,1999,2:58:11,"La Cartuja, Sevilla (ESP)",29 AUG 1999
Gina Lizeth Coello Touche,1997,3:17:33,"Olympic Stadium, Athina (GRE)",09 AUG 1997
Gina Lizeth Coello Touche,1991,2:59:54,"Olympic Stadium, Tokyo (JPN)",25 AUG 1991
Gina Lizeth Coello Touche,1987,3:01:53,"Stadio Olimpico, Roma (ITA)",29 AUG 1987
Krisztina Papp,2016,2:42:03,"Estádio Olímpico, Rio de Janeiro (BRA)",14 AUG 2016
Krisztina Papp,2015,2:36:59,Rotterdam (NED),12 APR 2015
Petra Teveli (Prokoppne-),2008,2:37:27,Torino (ITA),13 APR 2008
Petra Teveli (Prokoppne-),2007,2:35:21,Milano (ITA),02 DEC 2007
Petra Teveli (Prokoppne-),2006,2:43:06,Debrecen (HUN),09 APR 2006
Petra Teveli (Prokoppne-),2005,2:45:10,Debrecen (HUN),10 APR 2005
Petra Teveli (Prokoppne-),2004,2:49:35,Torino (ITA),18 APR 2004
Petra Teveli (Prokoppne-),2003,2:47:39,Reggio Emilia (ITA),14 DEC 2003
Simona Staicu,2018,2:53:06,Budapest (HUN),07 OCT 2018
Simona Staicu,2017,2:51:42,Budapest (HUN),15 OCT 2017
Simona Staicu,2016,2:43:06,Treviso (ITA),06 MAR 2016
Simona Staicu,2015,2:41:28,Berlin (GER),27 SEP 2015
Simona Staicu,2014,2:51:08,Budapest (HUN),11 OCT 2014
Simona Staicu,2013,2:42:26,Budapest (HUN),13 OCT 2013
Simona Staicu,2011,2:52:31,Plitvice (CRO),04 JUN 2011
Simona Staicu,2010,2:37:50,Budapest (HUN),26 SEP 2010
Simona Staicu,2007,2:38:34,Johannesburg (RSA),06 MAY 2007
Simona Staicu,2006,2:38:58,Johannesburg (RSA),07 MAY 2006
Simona Staicu,2005,2:42:10,Mumbai (IND),16 JAN 2005
Simona Staicu,2004,2:36:46,Osaka (JPN),25 JAN 2004
Simona Staicu,2003,2:32:15,Roma (ITA),23 MAR 2003
Simona Staicu,2002,2:29:59,Milano (ITA),01 DEC 2002
Simona Staicu,2000,2:44:51,"Houston, TX (USA)",16 JAN 2000
Simona Staicu,1999,2:31:45,Paris (FRA),04 APR 1999
Simona Staicu,1998,2:30:52,Paris (FRA),05 APR 1998
Simona Staicu,1997,2:31:12,Berlin (GER),28 SEP 1997
Simona Staicu,1996,2:37:47,Eindhoven (NED),13 OCT 1996
Simona Staicu,1995,2:33:55,Naaldwijk (NED),08 APR 1995
Kavita Maheshkumar Tungar (Raut-),2016,2:38:38,Guwahati (IND),12 FEB 2016
Breege Connolly,2019,2:37:50,Rotterdam (NED),07 APR 2019
Breege Connolly,2018,2:41:53,"Olympiastadion, Berlin (GER)",12 AUG 2018
Breege Connolly,2017,2:37:29,Valencia (ESP),19 NOV 2017
Breege Connolly,2016,2:44:41,"Estádio Olímpico, Rio de Janeiro (BRA)",14 AUG 2016
Breege Connolly,2015,2:37:29,London (GBR),26 APR 2015
Breege Connolly,2014,2:49:38,Dublin (IRL),27 OCT 2014
Breege Connolly,2013,2:39:27,London (GBR),21 APR 2013
Breege Connolly,2012,2:40:25,Rotterdam (NED),15 APR 2012
Breege Connolly,2011,2:52:54,Edinburgh (GBR),22 MAY 2011
Breege Connolly,2010,3:00:49,Belfast (GBR),03 MAY 2010
Breege Connolly,2006,2:55:41,Dublin (IRL),30 OCT 2006
Linda Byrne,2012,2:37:13,"Olympic Stadium, London (GBR)",05 AUG 2012
Linda Byrne,2011,2:36:21,Dublin (IRL),31 OCT 2011
Caitriona Jennings,2019,2:37:57,Dublin (IRL),27 OCT 2019
Caitriona Jennings,2018,2:41:17,Dublin (IRL),28 OCT 2018
Caitriona Jennings,2017,2:42:36,Dublin (IRL),29 OCT 2017
Caitriona Jennings,2016,2:44:59,Dublin (IRL),30 OCT 2016
Caitriona Jennings,2012,2:36:17,Rotterdam (NED),15 APR 2012
Caitriona Jennings,2011,2:43:06,Dublin (IRL),31 OCT 2011
Marie Murphy-Rollins,1989,2:39:05,"San Diego, CA (USA)",10 DEC 1989
Marie Murphy-Rollins,1988,2:40:45,Wexford (IRL),24 APR 1988
Ava Hutchinson,2012,2:35:33,"Houston, TX (USA)",15 JAN 2012
Ava Hutchinson,2011,2:42:48,Dublin (IRL),31 OCT 2011
Ailish Smyth,1988,2:44:17,"Olympic Stadium, Jamsil, Seoul (KOR)",23 SEP 1988
Ailish Smyth,1987,2:39:36,Berlin (GER),04 OCT 1987
Maor Tiyouri,2017,2:49:45,"Olympic Stadium, London (GBR)",06 AUG 2017
Maor Tiyouri,2016,2:42:22,Ottawa (CAN),29 MAY 2016
Rosaria Console,2018,2:37:26,Padova (ITA),22 APR 2018
Rosaria Console,2014,2:43:40,"Letzigrund, Zürich (SUI)",16 AUG 2014
Rosaria Console,2012,2:30:09,"Olympic Stadium, London (GBR)",05 AUG 2012
Rosaria Console,2011,2:26:10,Berlin (GER),25 SEP 2011
Rosaria Console,2010,2:36:20,"Estadio Olímpico, Barcelona (ESP)",31 JUL 2010
Rosaria Console,2009,2:26:45,Berlin (GER),20 SEP 2009
Rosaria Console,2008,2:47:44,Hamburg (GER),27 APR 2008
Rosaria Console,2005,2:28:04,Paris (FRA),10 APR 2005
Rosaria Console,2004,2:29:22,Wien (AUT),16 MAY 2004
Rosaria Console,2003,2:27:48,Paris (FRA),06 APR 2003
Rosaria Console,2002,2:31:16,Torino (ITA),21 APR 2002
Rosaria Console,2001,2:34:11,"Commonwealth Stadium, Edmonton (CAN)",12 AUG 2001
Maria Curatolo,1997,2:41:45,Russi (ITA),06 APR 1997
Maria Curatolo,1995,2:31:12,Berlin (GER),24 SEP 1995
Maria Curatolo,1994,2:30:33,"Olympic Stadium, Helsinki (FIN)",07 AUG 1994
Maria Curatolo,1993,2:36:48,Torino (ITA),25 APR 1993
Maria Curatolo,1988,2:30:14,"Olympic Stadium, Jamsil, Seoul (KOR)",23 SEP 1988
Maria Curatolo,1987,2:38:30,Seoul (KOR),11 APR 1987
Maria Curatolo,1984,2:36:05,Cesano Boscone (ITA),25 NOV 1984
Vincenza Sicari,2008,2:29:51,Torino (ITA),13 APR 2008
Vincenza Sicari,2007,2:33:14,Firenze (ITA),25 NOV 2007
Valeria Straneo,2019,2:30:44,Valencia (ESP),01 DEC 2019
Valeria Straneo,2018,2:30:26,Valencia (ESP),02 DEC 2018
Valeria Straneo,2016,2:29:44,"Estádio Olímpico, Rio de Janeiro (BRA)",14 AUG 2016
Valeria Straneo,2014,2:25:27,"Letzigrund, Zürich (SUI)",16 AUG 2014
Valeria Straneo,2013,2:25:58,"Luzhniki, Moskva (RUS)",10 AUG 2013
Valeria Straneo,2012,2:23:44,Rotterdam (NED),15 APR 2012
Valeria Straneo,2011,2:26:33,Berlin (GER),25 SEP 2011
Valeria Straneo,2003,2:48:41,Piacenza (ITA),09 MAR 2003
Maura Viceconte,2003,2:29:13,Torino (ITA),13 APR 2003
Maura Viceconte,2001,2:26:33,Praha (CZE),20 MAY 2001
Maura Viceconte,2000,2:23:47,Wien (AUT),21 MAY 2000
Maura Viceconte,1999,2:29:36,Roma (ITA),21 MAR 1999
Maura Viceconte,1998,2:28:31,"Népstadion, Budapest (HUN)",23 AUG 1998
Maura Viceconte,1997,2:28:16,Monaco (MON),23 NOV 1997
Maura Viceconte,1994,2:35:15,Cesano Boscone (ITA),06 NOV 1994
Ornella Ferrara,2012,2:41:15,Napoli (ITA),29 JAN 2012
Ornella Ferrara,2011,2:36:52,Torino (ITA),13 NOV 2011
Ornella Ferrara,2009,2:42:38,Treviso (ITA),29 MAR 2009
Ornella Ferrara,2008,2:32:13,Frankfurt (GER),26 OCT 2008
Ornella Ferrara,2004,2:27:49,Roma (ITA),28 MAR 2004
Ornella Ferrara,2003,2:28:28,Berlin (GER),28 SEP 2003
Ornella Ferrara,2001,2:29:35,"San Diego, CA (USA)",03 JUN 2001
Ornella Ferrara,2000,2:28:59,Carpi (ITA),15 OCT 2000
Ornella Ferrara,1998,2:39:27,Cesano Boscone (ITA),18 OCT 1998
Ornella Ferrara,1997,2:28:01,Torino (ITA),11 MAY 1997
Ornella Ferrara,1996,2:31:30,Roma (ITA),24 MAR 1996
Ornella Ferrara,1995,2:32:56,Athina (GRE),09 APR 1995
Ornella Ferrara,1994,2:31:57,"Olympic Stadium, Helsinki (FIN)",07 AUG 1994
Ornella Ferrara,1993,2:35:08,San Sebastián (ESP),31 OCT 1993
Catherine Bertone,2019,2:31:07,Praha (CZE),05 MAY 2019
Catherine Bertone,2018,2:30:06,"Olympiastadion, Berlin (GER)",12 AUG 2018
Catherine Bertone,2017,2:28:34,Berlin (GER),24 SEP 2017
Catherine Bertone,2016,2:30:19,Rotterdam (NED),10 APR 2016
Catherine Bertone,2015,2:35:31,Reggio Emilia (ITA),13 DEC 2015
Catherine Bertone,2014,2:32:46,Torino (ITA),16 NOV 2014
Catherine Bertone,2013,2:34:24,Frankfurt (GER),27 OCT 2013
Catherine Bertone,2012,2:34:58,Frankfurt (GER),28 OCT 2012
Catherine Bertone,2011,2:36:00,Berlin (GER),25 SEP 2011
Catherine Bertone,2008,2:47:22,San Remo (ITA),07 DEC 2008
Catherine Bertone,2007,2:55:55,Torino (ITA),15 APR 2007
Catherine Bertone,2004,2:42:24,Milano (ITA),28 NOV 2004
Catherine Bertone,2003,2:43:56,Milano (ITA),30 NOV 2003
Catherine Bertone,2002,2:48:06,Marengo (ITA),20 OCT 2002
Anna Carmela Incerti (-Scaini),2017,2:29:58,Milano (ITA),02 APR 2017
Anna Carmela Incerti (-Scaini),2015,2:29:10,Nagoya (JPN),08 MAR 2015
Anna Carmela Incerti (-Scaini),2014,2:28:58,Torino (ITA),16 NOV 2014
Anna Carmela Incerti (-Scaini),2012,2:29:38,"Olympic Stadium, London (GBR)",05 AUG 2012
Anna Carmela Incerti (-Scaini),2011,2:25:32,Berlin (GER),25 SEP 2011
Anna Carmela Incerti (-Scaini),2010,2:32:48,"Estadio Olímpico, Barcelona (ESP)",31 JUL 2010
Anna Carmela Incerti (-Scaini),2009,2:29:33,Roma (ITA),22 MAR 2009
Anna Carmela Incerti (-Scaini),2008,2:27:42,Milano (ITA),23 NOV 2008
Anna Carmela Incerti (-Scaini),2007,2:36:36,"Nagai Stadium, Osaka (JPN)",02 SEP 2007
Anna Carmela Incerti (-Scaini),2006,2:32:53,"Ullevi Stadium, Göteborg (SWE)",12 AUG 2006
Laura Fogli (-Rossetti),1997,2:33:38,Bordeaux (FRA),27 APR 1997
Laura Fogli (-Rossetti),1994,2:31:45,Torino (ITA),24 APR 1994
Laura Fogli (-Rossetti),1993,2:31:16,Berlin (GER),26 SEP 1993
Laura Fogli (-Rossetti),1991,2:32:41,London (GBR),21 APR 1991
Laura Fogli (-Rossetti),1990,2:37:16,Osaka (JPN),28 JAN 1990
Laura Fogli (-Rossetti),1988,2:27:49,"Olympic Stadium, Jamsil, Seoul (KOR)",23 SEP 1988
Laura Fogli (-Rossetti),1986,2:29:44,"New York, NY (USA)",02 NOV 1986
Laura Fogli (-Rossetti),1985,2:32:06,"Pittsburgh, PA (USA)",05 MAY 1985
Laura Fogli (-Rossetti),1984,2:29:28,"Memorial Coliseum, Los Angeles, CA (USA)",05 AUG 1984
Laura Fogli (-Rossetti),1983,2:33:31,"Olympic Stadium, Helsinki (FIN)",07 AUG 1983
Laura Fogli (-Rossetti),1982,2:36:28,Athina (GRE),12 SEP 1982
Laura Fogli (-Rossetti),1981,2:45:47,Agen (FRA),13 SEP 1981
Bruna Genovese,2009,2:29:57,Yokohama (JPN),15 NOV 2009
Bruna Genovese,2008,2:31:31,"National Stadium, Beijing (CHN)",17 AUG 2008
Bruna Genovese,2007,2:27:35,Tokyo (JPN),18 NOV 2007
Bruna Genovese,2006,2:31:15,"Ullevi Stadium, Göteborg (SWE)",12 AUG 2006
Bruna Genovese,2004,2:26:34,Tokyo (JPN),21 NOV 2004
Bruna Genovese,2003,2:32:58,London (GBR),13 APR 2003
Bruna Genovese,2001,2:25:35,Tokyo (JPN),18 NOV 2001
Bruna Genovese,1999,2:31:06,Venezia (ITA),24 OCT 1999
Antonella Luigina Bizioli,1996,2:38:17,"Houston, TX (USA)",21 JAN 1996
Antonella Luigina Bizioli,1994,2:36:55,Torino (ITA),24 APR 1994
Antonella Luigina Bizioli,1991,2:32:30,London (GBR),21 APR 1991
Antonella Luigina Bizioli,1990,2:31:34,London (GBR),22 APR 1990
Antonella Luigina Bizioli,1989,2:35:46,Carpi (ITA),29 OCT 1989
Antonella Luigina Bizioli,1988,2:31:21,Cesano Boscone (ITA),13 NOV 1988
Antonella Luigina Bizioli,1987,2:36:39,Seoul (KOR),11 APR 1987
Antonella Luigina Bizioli,1985,2:37:47,London (GBR),21 APR 1985
Yurika Nakamura,2011,2:41:22,London (GBR),17 APR 2011
Yurika Nakamura,2008,2:25:51,Nagoya (JPN),09 MAR 2008
Tomomi Tanaka,2019,2:29:03,Osaka (JPN),27 JAN 2019
Tomomi Tanaka,2016,2:23:19,Nagoya (JPN),13 MAR 2016
Tomomi Tanaka,2015,2:28:00,Berlin (GER),27 SEP 2015
Tomomi Tanaka,2014,2:26:05,Nagoya (JPN),09 MAR 2014
Mizuki Noguchi,2016,2:33:54,Nagoya (JPN),13 MAR 2016
Mizuki Noguchi,2013,2:24:05,Nagoya (JPN),10 MAR 2013
Mizuki Noguchi,2012,2:25:33,Nagoya (JPN),11 MAR 2012
Mizuki Noguchi,2007,2:21:37,Tokyo (JPN),18 NOV 2007
Mizuki Noguchi,2005,2:19:12,Berlin (GER),25 SEP 2005
Mizuki Noguchi,2004,2:26:20,"Olympic Stadium, Athina (GRE)",22 AUG 2004
Mizuki Noguchi,2003,2:21:18,Osaka (JPN),26 JAN 2003
Mizuki Noguchi,2002,2:25:35,Nagoya (JPN),10 MAR 2002
Naoko Sakamoto,2012,2:37:18,Nagoya (JPN),11 MAR 2012
Naoko Sakamoto,2011,2:35:17,Yokohama (JPN),20 FEB 2011
Naoko Sakamoto,2010,2:44:47,"Chicago, IL (USA)",10 OCT 2010
Naoko Sakamoto,2009,2:40:43,Sapporo (JPN),30 AUG 2009
Naoko Sakamoto,2008,2:30:21,Nagoya (JPN),09 MAR 2008
Naoko Sakamoto,2007,2:28:33,Berlin (GER),30 SEP 2007
Naoko Sakamoto,2004,2:25:29,Osaka (JPN),25 JAN 2004
Naoko Sakamoto,2003,2:21:51,Osaka (JPN),26 JAN 2003
Eri Yamaguchi,2007,3:13:28,Tokyo (JPN),18 FEB 2007
Eri Yamaguchi,2002,2:39:35,Sapporo (JPN),25 AUG 2002
Eri Yamaguchi,2000,2:27:03,"Olympic Stadium, Sydney (AUS)",24 SEP 2000
Eri Yamaguchi,1999,2:22:12,Tokyo (JPN),21 NOV 1999
Eri Yamaguchi,1998,2:27:26,Sapporo (JPN),30 AUG 1998
Eri Yamaguchi,1997,2:39:47,Sapporo (JPN),31 AUG 1997
Eri Yamaguchi,1996,2:31:43,Osaka (JPN),28 JAN 1996
Eri Yamaguchi,1995,2:32:47,Sapporo (JPN),27 AUG 1995
Risa Shigetomo,2017,2:24:22,Osaka (JPN),29 JAN 2017
Risa Shigetomo,2016,2:30:40,Osaka (JPN),31 JAN 2016
Risa Shigetomo,2015,2:26:39,Osaka (JPN),25 JAN 2015
Risa Shigetomo,2014,2:58:45,Osaka (JPN),26 JAN 2014
Risa Shigetomo,2013,2:31:54,"New York, NY (USA)",03 NOV 2013
Risa Shigetomo,2012,2:23:23,Osaka (JPN),29 JAN 2012
Risa Shigetomo,2011,2:31:28,London (GBR),17 APR 2011
Ryoko Kizaki,2016,2:28:49,Nagoya (JPN),13 MAR 2016
Ryoko Kizaki,2014,2:25:26,Nagoya (JPN),09 MAR 2014
Ryoko Kizaki,2013,2:23:34,Nagoya (JPN),10 MAR 2013
Ryoko Kizaki,2012,2:27:16,"Olympic Stadium, London (GBR)",05 AUG 2012
Ryoko Kizaki,2011,2:26:32,Yokohama (JPN),20 NOV 2011
Ryoko Kizaki,2010,2:27:34,Osaka (JPN),31 JAN 2010
Yoshimi Ozaki,2013,2:28:30,Tokyo (JPN),24 FEB 2013
Yoshimi Ozaki,2012,2:24:14,Nagoya (JPN),11 MAR 2012
Yoshimi Ozaki,2011,2:23:56,Yokohama (JPN),20 FEB 2011
Yoshimi Ozaki,2010,2:32:26,London (GBR),25 APR 2010
Yoshimi Ozaki,2009,2:25:25,"Olympiastadion, Berlin (GER)",23 AUG 2009
Yoshimi Ozaki,2008,2:23:30,Tokyo (JPN),16 NOV 2008
Naoko Takahashi,2009,2:52:23,Nagoya (JPN),08 MAR 2009
Naoko Takahashi,2008,2:44:18,Nagoya (JPN),09 MAR 2008
Naoko Takahashi,2006,2:31:22,Tokyo (JPN),19 NOV 2006
Naoko Takahashi,2005,2:24:39,Tokyo (JPN),20 NOV 2005
Naoko Takahashi,2003,2:27:21,Tokyo (JPN),16 NOV 2003
Naoko Takahashi,2002,2:21:49,Berlin (GER),29 SEP 2002
Naoko Takahashi,2001,2:19:46,Berlin (GER),30 SEP 2001
Naoko Takahashi,2000,2:22:19,Nagoya (JPN),12 MAR 2000
Naoko Takahashi,1998,2:21:47,Bangkok (THA),06 DEC 1998
Naoko Takahashi,1997,2:31:32,Osaka (JPN),26 JAN 1997
Reiko Tosa,2012,2:43:11,Nagoya (JPN),11 MAR 2012
Reiko Tosa,2009,2:29:19,Tokyo (JPN),22 MAR 2009
Reiko Tosa,2008,2:46:26,Beijing (CHN),20 APR 2008
Reiko Tosa,2007,2:30:55,"Nagai Stadium, Osaka (JPN)",02 SEP 2007
Reiko Tosa,2006,2:26:15,Tokyo (JPN),19 NOV 2006
Reiko Tosa,2004,2:23:57,Nagoya (JPN),14 MAR 2004
Reiko Tosa,2002,2:22:46,London (GBR),14 APR 2002
Reiko Tosa,2001,2:26:06,"Commonwealth Stadium, Edmonton (CAN)",12 AUG 2001
Reiko Tosa,2000,2:24:36,Nagoya (JPN),12 MAR 2000
Eriko Asai,2001,2:41:34,Brisbane (AUS),24 JUN 2001
Eriko Asai,2000,2:47:22,"Honolulu, HI (USA)",10 DEC 2000
Eriko Asai,1999,2:45:45,Nagoya (JPN),14 MAR 1999
Eriko Asai,1998,2:38:47,Osaka (JPN),25 JAN 1998
Eriko Asai,1996,2:33:02,Nagoya (JPN),10 MAR 1996
Eriko Asai,1994,2:30:30,Nagoya (JPN),13 MAR 1994
Eriko Asai,1993,2:28:22,Nagoya (JPN),07 MAR 1993
Eriko Asai,1992,2:31:41,Tokyo (JPN),15 NOV 1992
Eriko Asai,1991,2:35:29,Bekkai (JPN),06 OCT 1991
Eriko Asai,1990,2:33:40,Nagoya (JPN),04 MAR 1990
Eriko Asai,1988,2:32:13,Osaka (JPN),31 JAN 1988
Eriko Asai,1987,2:48:44,"Stadio Olimpico, Roma (ITA)",29 AUG 1987
Eriko Asai,1986,2:34:47,Osaka (JPN),26 JAN 1986
Eriko Asai,1985,2:37:18,Hiroshima (JPN),13 APR 1985
Eriko Asai,1984,2:33:43,Tokyo (JPN),18 NOV 1984
Eriko Asai,1983,2:39:47,Tokyo (JPN),20 NOV 1983
Kumi Araki,1992,2:31:14,Osaka (JPN),26 JAN 1992
Kumi Araki,1991,2:38:27,"Olympic Stadium, Tokyo (JPN)",25 AUG 1991
Kumi Araki,1990,2:32:32,Nagoya (JPN),04 MAR 1990
Kumi Araki,1988,2:31:40,Osaka (JPN),31 JAN 1988
Kumi Araki,1987,2:37:12,Nagoya (JPN),01 MAR 1987
Kayoko Fukushi,2019,2:24:09,Nagoya (JPN),10 MAR 2019
Kayoko Fukushi,2016,2:22:17,Osaka (JPN),31 JAN 2016
Kayoko Fukushi,2015,2:24:25,"Chicago, IL (USA)",11 OCT 2015
Kayoko Fukushi,2014,2:26:25,Berlin (GER),28 SEP 2014
Kayoko Fukushi,2013,2:24:21,Osaka (JPN),27 JAN 2013
Kayoko Fukushi,2012,2:37:35,Osaka (JPN),29 JAN 2012
Kayoko Fukushi,2011,2:24:38,"Chicago, IL (USA)",09 OCT 2011
Kayoko Fukushi,2008,2:40:54,Osaka (JPN),27 JAN 2008
Mai Ito,2017,2:32:15,Osaka (JPN),29 JAN 2017
Mai Ito,2016,2:37:37,"Estádio Olímpico, Rio de Janeiro (BRA)",14 AUG 2016
Mai Ito,2015,2:24:42,Nagoya (JPN),08 MAR 2015
Mai Ito,2014,2:28:36,Tokyo (JPN),23 FEB 2014
Mai Ito,2013,2:28:37,London (GBR),21 APR 2013
Mai Ito,2012,2:25:26,Nagoya (JPN),11 MAR 2012
Mai Ito,2011,2:26:55,Osaka (JPN),30 JAN 2011
Mai Ito,2010,2:29:13,Nagoya (JPN),14 MAR 2010
Ari Ichihashi,2007,3:02:48,Tokyo (JPN),18 FEB 2007
Ari Ichihashi,2005,2:44:32,Sapporo (JPN),28 AUG 2005
Ari Ichihashi,2001,2:35:59,Naha (JPN),02 DEC 2001
Ari Ichihashi,2000,2:30:34,"Olympic Stadium, Sydney (AUS)",24 SEP 2000
Ari Ichihashi,1999,2:27:02,"La Cartuja, Sevilla (ESP)",29 AUG 1999
Ari Ichihashi,1998,2:28:29,Tokyo (JPN),15 NOV 1998
Ari Ichihashi,1997,2:29:50,Nagoya (JPN),09 MAR 1997
Misako Miyahara,1990,2:34:51,"Honolulu, HI (USA)",09 DEC 1990
Misako Miyahara,1989,2:35:16,Milano (ITA),16 APR 1989
Misako Miyahara,1988,2:29:37,Osaka (JPN),31 JAN 1988
Misako Miyahara,1987,2:32:10,Osaka (JPN),25 JAN 1987
Misako Miyahara,1985,2:38:07,Tokyo (JPN),17 NOV 1985
Irina Smolnikova,2016,2:41:04,Venezia (ITA),23 OCT 2016
Irina Smolnikova,2015,2:43:06,Roma (ITA),22 MAR 2015
Irina Smolnikova,2014,2:40:22,Moskva (RUS),21 SEP 2014
Irina Smolnikova,2013,2:44:55,Moskva (RUS),15 SEP 2013
Pascaline Wangui,1992,2:40:50,Wien (AUT),26 APR 1992
Pascaline Wangui,1991,2:37:23,"Houston, TX (USA)",20 JAN 1991
Pascaline Wangui,1989,2:39:10,Roma (ITA),19 NOV 1989
Pascaline Wangui,1988,2:47:42,"Olympic Stadium, Jamsil, Seoul (KOR)",23 SEP 1988
Edna Ngeringwony Kiplagat,2019,2:35:36,"Corniche, Doha (QAT)",27 SEP 2019
Edna Ngeringwony Kiplagat,2018,2:21:18,Berlin (GER),16 SEP 2018
Edna Ngeringwony Kiplagat,2017,2:27:18,"Olympic Stadium, London (GBR)",06 AUG 2017
Edna Ngeringwony Kiplagat,2016,2:22:36,Tokyo (JPN),28 FEB 2016
Edna Ngeringwony Kiplagat,2015,2:27:16,London (GBR),26 APR 2015
Edna Ngeringwony Kiplagat,2014,2:20:21,London (GBR),13 APR 2014
Edna Ngeringwony Kiplagat,2013,2:21:32,London (GBR),21 APR 2013
Edna Ngeringwony Kiplagat,2012,2:19:50,London (GBR),22 APR 2012
Edna Ngeringwony Kiplagat,2011,2:20:46,London (GBR),17 APR 2011
Edna Ngeringwony Kiplagat,2010,2:25:38,"Los Angeles, CA (USA)",21 MAR 2010
Edna Ngeringwony Kiplagat,2005,2:50:20,"Las Vegas, NV (USA)",04 DEC 2005
Esther Wanjiru Maina,2004,2:50:56,London (GBR),18 APR 2004
Esther Wanjiru Maina,2000,2:23:31,Osaka (JPN),30 JAN 2000
Esther Wanjiru Maina,1999,2:25:40,Osaka (JPN),31 JAN 1999
Esther Wanjiru Maina,1996,2:39:19,Sydney (AUS),18 AUG 1996
Joyce Chepchumba Koech,2009,2:35:09,Daegu (KOR),12 APR 2009
Joyce Chepchumba Koech,2005,2:27:01,London (GBR),17 APR 2005
Joyce Chepchumba Koech,2004,2:26:21,"Chicago, IL (USA)",10 OCT 2004
Joyce Chepchumba Koech,2003,2:26:33,"Stade de France, Paris-St-Denis (FRA)",31 AUG 2003
Joyce Chepchumba Koech,2002,2:26:52,London (GBR),14 APR 2002
Joyce Chepchumba Koech,2001,2:24:12,London (GBR),22 APR 2001
Joyce Chepchumba Koech,2000,2:24:02,Tokyo (JPN),19 NOV 2000
Joyce Chepchumba Koech,1999,2:23:22,London (GBR),18 APR 1999
Joyce Chepchumba Koech,1998,2:23:57,"Chicago, IL (USA)",11 OCT 1998
Joyce Chepchumba Koech,1997,2:26:51,London (GBR),13 APR 1997
Joyce Chepchumba Koech,1996,2:30:09,London (GBR),21 APR 1996
Alice Chelangat,2015,2:38:27,Guangzhou (CHN),06 DEC 2015
Alice Chelangat,2014,2:32:46,Wien (AUT),13 APR 2014
Alice Chelangat,2013,2:29:48,Gold Coast (AUS),07 JUL 2013
Alice Chelangat,2012,2:28:04,Nairobi (KEN),28 OCT 2012
Alice Chelangat,2009,2:30:38,Nairobi (KEN),25 OCT 2009
Alice Chelangat,2008,2:27:29,Dubai (UAE),18 JAN 2008
Alice Chelangat,2004,2:28:58,Hamburg (GER),18 APR 2004
Alice Chelangat,2003,2:31:25,Praha (CZE),18 MAY 2003
Alice Chelangat,2002,2:28:16,Milano (ITA),01 DEC 2002
Alice Chelangat,2001,2:26:36,Milano (ITA),02 DEC 2001
Tegla Loroupe Chepkite,2011,2:46:32,København (DEN),22 MAY 2011
Tegla Loroupe Chepkite,2008,2:49:15,Nagano (JPN),20 APR 2008
Tegla Loroupe Chepkite,2007,2:41:37,"Las Vegas, NV (USA)",02 DEC 2007
Tegla Loroupe Chepkite,2006,2:33:24,Rotterdam (NED),09 APR 2006
Tegla Loroupe Chepkite,2005,2:34:42,London (GBR),17 APR 2005
Tegla Loroupe Chepkite,2004,2:29:40,Leipzig (GER),25 APR 2004
Tegla Loroupe Chepkite,2003,2:33:48,Köln (GER),05 OCT 2003
Tegla Loroupe Chepkite,2002,2:29:04,Lausanne (SUI),20 OCT 2002
Tegla Loroupe Chepkite,2001,2:26:10,London (GBR),22 APR 2001
Tegla Loroupe Chepkite,2000,2:24:33,London (GBR),16 APR 2000
Tegla Loroupe Chepkite,1999,2:20:43,Berlin (GER),26 SEP 1999
Tegla Loroupe Chepkite,1998,2:20:47,Rotterdam (NED),19 APR 1998
Tegla Loroupe Chepkite,1997,2:22:07,Rotterdam (NED),20 APR 1997
Salina Jebet Kosgei,2017,2:44:19,Skopje (MKD),07 MAY 2017
Salina Jebet Kosgei,2016,2:42:27,Münster (GER),11 SEP 2016
Salina Jebet Kosgei,2013,2:47:23,Stockholm (SWE),02 JUN 2013
Salina Jebet Kosgei,2012,2:42:48,Amman (JOR),19 OCT 2012
Salina Jebet Kosgei,2011,2:35:26,Yokohama (JPN),20 NOV 2011
Salina Jebet Kosgei,2010,2:34:14,"New York, NY (USA)",07 NOV 2010
Salina Jebet Kosgei,2008,2:26:30,London (GBR),13 APR 2008
Salina Jebet Kosgei,2007,2:23:31,Tokyo (JPN),18 NOV 2007
Salina Jebet Kosgei,2006,2:23:22,Berlin (GER),24 SEP 2006
Salina Jebet Kosgei,2005,2:28:42,Praha (CZE),22 MAY 2005
Salina Jebet Kosgei,2004,2:24:32,Paris (FRA),04 APR 2004
Mary Jepkosgei Keitany,2019,2:20:58,London (GBR),28 APR 2019
Mary Jepkosgei Keitany,2018,2:22:48,"New York, NY (USA)",04 NOV 2018
Mary Jepkosgei Keitany,2017,2:17:01,London (GBR),23 APR 2017
Mary Jepkosgei Keitany,2016,2:24:26,"New York, NY (USA)",06 NOV 2016
Mary Jepkosgei Keitany,2015,2:23:40,London (GBR),26 APR 2015
Mary Jepkosgei Keitany,2014,2:25:07,"New York, NY (USA)",02 NOV 2014
Mary Jepkosgei Keitany,2012,2:18:37,London (GBR),22 APR 2012
Mary Jepkosgei Keitany,2011,2:19:19,London (GBR),17 APR 2011
Mary Jepkosgei Keitany,2010,2:29:01,"New York, NY (USA)",07 NOV 2010
Jemima Jelagat Sumgong,2016,2:22:58,London (GBR),24 APR 2016
Jemima Jelagat Sumgong,2015,2:24:23,London (GBR),26 APR 2015
Jemima Jelagat Sumgong,2014,2:25:10,"New York, NY (USA)",02 NOV 2014
Jemima Jelagat Sumgong,2013,2:20:48,"Chicago, IL (USA)",13 OCT 2013
Jemima Jelagat Sumgong,2011,2:28:32,Castellón (ESP),18 DEC 2011
Jemima Jelagat Sumgong,2010,2:32:34,"San Diego, CA (USA)",06 JUN 2010
Jemima Jelagat Sumgong,2007,2:29:41,Frankfurt (GER),28 OCT 2007
Jemima Jelagat Sumgong,2006,2:35:22,"Las Vegas, NV (USA)",10 DEC 2006
Priscah Jeptoo (-Chepsirut),2019,2:24:16,Valencia (ESP),01 DEC 2019
Priscah Jeptoo (-Chepsirut),2016,2:25:57,Amsterdam (NED),16 OCT 2016
Priscah Jeptoo (-Chepsirut),2015,2:25:01,London (GBR),26 APR 2015
Priscah Jeptoo (-Chepsirut),2013,2:20:15,London (GBR),21 APR 2013
Priscah Jeptoo (-Chepsirut),2012,2:20:14,London (GBR),22 APR 2012
Priscah Jeptoo (-Chepsirut),2011,2:22:55,Paris (FRA),10 APR 2011
Priscah Jeptoo (-Chepsirut),2010,2:27:02,Torino (ITA),14 NOV 2010
Priscah Jeptoo (-Chepsirut),2009,2:30:40,Porto (POR),08 NOV 2009
Visiline Jepkesho,2019,2:22:58,Nagoya (JPN),10 MAR 2019
Visiline Jepkesho,2018,2:22:58,Ljubljana (SLO),28 OCT 2018
Visiline Jepkesho,2017,2:21:37,Paris (FRA),09 APR 2017
Visiline Jepkesho,2016,2:25:53,Paris (FRA),03 APR 2016
Visiline Jepkesho,2015,2:24:44,Paris (FRA),12 APR 2015
Visiline Jepkesho,2014,2:26:47,Lisboa (POR),05 OCT 2014
Mariya Korobitskaya,2019,2:30:40,Amsterdam (NED),20 OCT 2019
Mariya Korobitskaya,2018,2:57:49,Guadalajara (MEX),11 NOV 2018
Mariya Korobitskaya,2017,2:34:50,Dongguan (CHN),26 NOV 2017
Mariya Korobitskaya,2016,2:47:53,"Estádio Olímpico, Rio de Janeiro (BRA)",14 AUG 2016
Mariya Korobitskaya,2015,2:38:35,Omsk (RUS),20 SEP 2015
Mariya Korobitskaya,2013,2:45:22,Hong Kong (HKG),24 FEB 2013
Mariya Korobitskaya,2012,2:43:23,"Jacksonville, FL (USA)",16 DEC 2012
Viktoriia Poliudina,2018,2:54:37,Jakarta (INA),26 AUG 2018
Viktoriia Poliudina,2017,2:33:25,Shenzhen (CHN),17 DEC 2017
Viktoriia Poliudina,2016,2:40:36,Praha (CZE),08 MAY 2016
Viktoriia Poliudina,2011,2:57:50,Frankfurt (GER),30 OCT 2011
Viktoriia Poliudina,2010,2:48:46,Pune (IND),05 DEC 2010
Sirivanh Ketavong,2000,3:34:27,"Olympic Stadium, Sydney (AUS)",24 SEP 2000
Sirivanh Ketavong,1998,3:28:40,Bangkok (THA),06 DEC 1998
Sirivanh Ketavong,1996,3:25:16,"Olympic Stadium, Atlanta, GA (USA)",28 JUL 1996
Ilona Marhele,2019,2:37:29,Praha (CZE),05 MAY 2019
Ilona Marhele,2017,2:37:40,"Olympic Stadium, London (GBR)",06 AUG 2017
Ilona Marhele,2016,2:41:02,"Estádio Olímpico, Rio de Janeiro (BRA)",14 AUG 2016
Ilona Marhele,2015,2:38:01,Frankfurt (GER),25 OCT 2015
Ilona Marhele,2012,2:38:34,Rotterdam (NED),15 APR 2012
Ilona Marhele,2011,2:45:25,Poznan (POL),16 OCT 2011
Dace Lina,2012,2:38:11,Hannover (GER),06 MAY 2012
Dace Lina,2011,2:40:08,Frankfurt (GER),30 OCT 2011
Chirine Njeim,2019,2:43:31,"Chicago, IL (USA)",13 OCT 2019
Chirine Njeim,2018,2:43:04,"Chicago, IL (USA)",07 OCT 2018
Chirine Njeim,2017,2:39:21,"Chicago, IL (USA)",08 OCT 2017
Chirine Njeim,2016,2:44:19,"Houston, TX (USA)",17 JAN 2016
Chirine Njeim,2015,2:46:41,"Chicago, IL (USA)",11 OCT 2015
Chirine Njeim,2014,3:03:53,"Chicago, IL (USA)",12 OCT 2014
Chirine Njeim,2013,3:05:40,"Chicago, IL (USA)",13 OCT 2013
Chirine Njeim,2012,3:07:00,"Chicago, IL (USA)",07 OCT 2012
Mamokete Lechela,2005,3:03:26,"Olympic Stadium, Helsinki (FIN)",14 AUG 2005
Mamokete Lechela,2004,3:11:56,"Olympic Stadium, Athina (GRE)",22 AUG 2004
Mamorallo Tjoka,2014,2:38:26,Johannesburg (RSA),07 SEP 2014
Mamorallo Tjoka,2013,2:49:40,Mossel Bay (RSA),28 SEP 2013
Mamorallo Tjoka,2012,2:43:15,"Olympic Stadium, London (GBR)",05 AUG 2012
Mamorallo Tjoka,2011,2:43:40,Soweto (RSA),06 NOV 2011
Mamorallo Tjoka,2010,2:46:38,Mossel Bay (RSA),14 AUG 2010
Mamorallo Tjoka,2009,2:43:29,Durban (RSA),08 FEB 2009
Mamorallo Tjoka,2008,2:39:38,Durban (RSA),10 FEB 2008
Mamorallo Tjoka,2007,2:47:57,Soweto (RSA),04 NOV 2007
Mamorallo Tjoka,2006,2:43:04,Johannesburg (RSA),07 MAY 2006
Mamorallo Tjoka,2005,2:49:45,Soweto (RSA),06 NOV 2005
Clarisse Rasoarizay,2012,2:43:45,Paris (FRA),15 APR 2012
Clarisse Rasoarizay,2011,2:52:24,Antananarivo (MAD),06 NOV 2011
Clarisse Rasoarizay,2008,2:44:56,Mauritius (MRI),20 APR 2008
Clarisse Rasoarizay,2005,2:43:58,"Olympic Stadium, Helsinki (FIN)",14 AUG 2005
Clarisse Rasoarizay,2004,2:47:55,Paris (FRA),04 APR 2004
Clarisse Rasoarizay,2001,2:46:29,Ottawa (CAN),22 JUL 2001
Tereza Master,2016,2:48:34,"Estádio Olímpico, Rio de Janeiro (BRA)",14 AUG 2016
Tereza Master,2014,2:50:54,"Hampden Park, Glasgow (GBR)",27 JUL 2014
Maryse Justin (-Pyndiah),1988,2:48:40,Canberra (AUS),10 APR 1988
Margarita Tapia Garca,2013,2:55:15,Ciudad de México (MEX),25 AUG 2013
Margarita Tapia Garca,2009,2:31:08,Culiacán (MEX),18 JAN 2009
Margarita Tapia Garca,2008,2:38:13,Guadalajara (MEX),19 OCT 2008
Margarita Tapia Garca,2004,2:28:36,"Houston, TX (USA)",18 JAN 2004
Margarita Tapia Garca,2003,2:42:31,Ciudad de México (MEX),28 SEP 2003
Margarita Tapia Garca,2002,2:34:49,Torreón (MEX),03 MAR 2002
Blanca Jaime,1990,2:38:20,"Los Angeles, CA (USA)",04 MAR 1990
Blanca Jaime,1988,2:36:11,"Los Angeles, CA (USA)",06 MAR 1988
Marisol Guadalupe Romero Rosales,2019,2:50:02,Rotterdam (NED),07 APR 2019
Marisol Guadalupe Romero Rosales,2015,2:41:50,"New York, NY (USA)",01 NOV 2015
Marisol Guadalupe Romero Rosales,2012,2:31:15,Torreón (MEX),04 MAR 2012
Marisol Guadalupe Romero Rosales,2010,2:42:33,León (MEX),07 FEB 2010
Marisol Guadalupe Romero Rosales,2008,2:45:18,Ciudad de México (MEX),17 AUG 2008
Marisol Guadalupe Romero Rosales,2007,2:43:21,México (MEX),26 AUG 2007
Marisol Guadalupe Romero Rosales,2006,2:51:32,Ciudad de México (MEX),27 AUG 2006
Mara del Carmen Daz Mancilla,1999,2:40:52,Torreón (MEX),04 APR 1999
Mara del Carmen Daz Mancilla,1998,2:39:01,Guadalajara (MEX),15 FEB 1998
Mara del Carmen Daz Mancilla,1996,2:29:48,Rotterdam (NED),28 APR 1996
Kenza Wahbi,2006,2:48:47,Dubai (UAE),17 FEB 2006
Kenza Wahbi,2004,2:41:36,"Olympic Stadium, Athina (GRE)",22 AUG 2004
Kenza Wahbi,2003,2:36:29,"Stade de France, Paris-St-Denis (FRA)",31 AUG 2003
Hafida Izem,2013,2:47:10,Marrakesh (MAR),27 JAN 2013
Hafida Izem,2012,2:36:15,Xiamen (CHN),07 JAN 2012
Hafida Izem,2006,2:31:30,Frankfurt (GER),29 OCT 2006
Hafida Izem,2004,2:36:02,Napoli (ITA),09 MAY 2004
Hafida Izem,2003,2:36:18,Roma (ITA),23 MAR 2003
Hafida Izem,2002,2:47:59,Bari (ITA),17 NOV 2002
San Ni Lar,2014,3:01:55,Yangon (MYA),19 JAN 2014
San Ni Lar,2013,2:49:53,Yangon (MYA),27 JAN 2013
San Ni Lar,2012,3:04:27,"Olympic Stadium, London (GBR)",05 AUG 2012
San Ni Lar,2009,2:46:54,Vientiane (LAO),15 DEC 2009
San Ni Lar,2007,2:58:27,Nakhon Ratchasima (THA),10 DEC 2007
Helalia Lukeiko Johannes,2019,2:22:25,Nagoya (JPN),10 MAR 2019
Helalia Lukeiko Johannes,2018,2:29:28,Cape Town (RSA),23 SEP 2018
Helalia Lukeiko Johannes,2017,2:29:25,Wien (AUT),23 APR 2017
Helalia Lukeiko Johannes,2016,2:32:32,Dublin (IRL),30 OCT 2016
Helalia Lukeiko Johannes,2014,2:28:27,Seoul (KOR),16 MAR 2014
Helalia Lukeiko Johannes,2013,2:29:20,Tokyo (JPN),24 FEB 2013
Helalia Lukeiko Johannes,2012,2:26:09,"Olympic Stadium, London (GBR)",05 AUG 2012
Helalia Lukeiko Johannes,2011,2:30:35,Dublin (IRL),31 OCT 2011
Helalia Lukeiko Johannes,2010,2:34:34,Seoul (KOR),21 MAR 2010
Helalia Lukeiko Johannes,2009,2:33:26,Dublin (IRL),26 OCT 2009
Helalia Lukeiko Johannes,2008,2:32:30,Dublin (IRL),27 OCT 2008
Helalia Lukeiko Johannes,2007,2:35:30,Dublin (IRL),29 OCT 2007
Beata Nandjala Naigambo,2019,2:43:55,Dakar (SEN),14 APR 2019
Beata Nandjala Naigambo,2018,2:38:31,Taipei City (TPE),09 DEC 2018
Beata Nandjala Naigambo,2017,2:37:24,"Olympic Stadium, London (GBR)",06 AUG 2017
Beata Nandjala Naigambo,2016,2:33:10,Valencia (ESP),20 NOV 2016
Beata Nandjala Naigambo,2015,2:26:57,Valencia (ESP),15 NOV 2015
Beata Nandjala Naigambo,2014,2:30:54,Valencia (ESP),16 NOV 2014
Beata Nandjala Naigambo,2013,2:27:54,Dubai (UAE),25 JAN 2013
Beata Nandjala Naigambo,2012,2:29:20,Dubai (UAE),27 JAN 2012
Beata Nandjala Naigambo,2011,2:32:12,Amsterdam (NED),16 OCT 2011
Beata Nandjala Naigambo,2010,2:33:00,Hamburg (GER),25 APR 2010
Beata Nandjala Naigambo,2009,2:31:01,Eindhoven (NED),11 OCT 2009
Beata Nandjala Naigambo,2008,2:33:17,Pyongyang (PRK),06 APR 2008
Beata Nandjala Naigambo,2007,2:40:19,Pyongyang (PRK),08 APR 2007
Beata Nandjala Naigambo,2004,2:43:58,Swakopmund (NAM),23 OCT 2004
Beata Nandjala Naigambo,2002,2:47:22,Manchester (GBR),28 JUL 2002
Alina Armas,2016,2:41:11,Swakopmund (NAM),13 FEB 2016
Alina Armas,2015,2:33:09,Mungyeong (KOR),11 OCT 2015
Alina Armas,2014,2:45:44,Zürich (SUI),06 APR 2014
Alina Armas,2013,2:35:53,Swakopmund (NAM),16 FEB 2013
Raj Kumari Pandey,1988,3:10:31,"Olympic Stadium, Jamsil, Seoul (KOR)",23 SEP 1988
Hilda Jepchumba Kibet,2013,2:26:42,Rotterdam (NED),14 APR 2013
Hilda Jepchumba Kibet,2012,2:25:46,Torino (ITA),18 NOV 2012
Hilda Jepchumba Kibet,2011,2:24:27,Rotterdam (NED),10 APR 2011
Hilda Jepchumba Kibet,2010,2:26:23,Frankfurt (GER),31 OCT 2010
Hilda Jepchumba Kibet,2009,2:30:33,Amsterdam (NED),18 OCT 2009
Hilda Jepchumba Kibet,2007,2:32:10,Amsterdam (NED),21 OCT 2007
Andrea Deelstra,2020,2:33:34,Tokyo (JPN),01 MAR 2020
Andrea Deelstra,2019,2:31:29,Berlin (GER),29 SEP 2019
Andrea Deelstra,2018,2:32:41,Berlin (GER),16 SEP 2018
Andrea Deelstra,2017,2:31:32,London (GBR),23 APR 2017
Andrea Deelstra,2016,2:40:49,"Estádio Olímpico, Rio de Janeiro (BRA)",14 AUG 2016
Andrea Deelstra,2015,2:26:46,Berlin (GER),27 SEP 2015
Andrea Deelstra,2014,2:32:39,"Letzigrund, Zürich (SUI)",16 AUG 2014
Andrea Deelstra,2013,2:35:39,Eindhoven (NED),13 OCT 2013
Andrea Deelstra,2012,2:34:33,Eindhoven (NED),14 OCT 2012
Nina Kathy Rillstone,2008,2:31:16,"National Stadium, Beijing (CHN)",17 AUG 2008
Nina Kathy Rillstone,2007,2:33:58,"Nagai Stadium, Osaka (JPN)",02 SEP 2007
Nina Kathy Rillstone,2006,2:29:46,Nagano (JPN),16 APR 2006
Liza Marie Hunter-Galvan,2016,2:50:11,Christchurch (NZL),05 JUN 2016
Liza Marie Hunter-Galvan,2015,2:50:38,Christchurch (NZL),31 MAY 2015
Liza Marie Hunter-Galvan,2014,2:43:40,Christchurch (NZL),01 JUN 2014
Liza Marie Hunter-Galvan,2013,2:50:26,Christchurch (NZL),02 JUN 2013
Liza Marie Hunter-Galvan,2012,2:45:42,Christchurch (NZL),03 JUN 2012
Liza Marie Hunter-Galvan,2011,2:45:31,Christchurch (NZL),05 JUN 2011
Liza Marie Hunter-Galvan,2008,2:29:37,"San Antonio, TX (USA)",16 NOV 2008
Liza Marie Hunter-Galvan,2007,2:30:40,Amsterdam (NED),21 OCT 2007
Liza Marie Hunter-Galvan,2006,2:46:48,"San Antonio, TX (USA)",12 NOV 2006
Liza Marie Hunter-Galvan,2005,2:33:51,"Dallas, TX (USA)",11 DEC 2005
Liza Marie Hunter-Galvan,2004,2:36:27,Hamburg (GER),18 APR 2004
Liza Marie Hunter-Galvan,2003,2:42:40,"San Antonio, TX (USA)",09 NOV 2003
"Lorraine Mary Moller (-Daws, -Smith)",1996,2:42:21,"Olympic Stadium, Atlanta, GA (USA)",28 JUL 1996
"Lorraine Mary Moller (-Daws, -Smith)",1993,2:30:31,Osaka (JPN),31 JAN 1993
"Lorraine Mary Moller (-Daws, -Smith)",1992,2:33:59,"Estadio Olímpico, Barcelona (ESP)",01 AUG 1992
"Lorraine Mary Moller (-Daws, -Smith)",1991,2:33:20,Sapporo (JPN),04 AUG 1991
"Lorraine Mary Moller (-Daws, -Smith)",1989,2:30:21,Osaka (JPN),29 JAN 1989
"Lorraine Mary Moller (-Daws, -Smith)",1988,2:37:52,"Olympic Stadium, Jamsil, Seoul (KOR)",23 SEP 1988
"Lorraine Mary Moller (-Daws, -Smith)",1987,2:30:40,Osaka (JPN),25 JAN 1987
"Lorraine Mary Moller (-Daws, -Smith)",1986,2:28:17,Edinburgh (GBR),01 AUG 1986
"Lorraine Mary Moller (-Daws, -Smith)",1984,2:28:34,"Memorial Coliseum, Los Angeles, CA (USA)",05 AUG 1984
"Lorraine Mary Moller (-Daws, -Smith)",1982,2:36:13,"San Francisco, CA (USA)",06 JUN 1982
"Lorraine Mary Moller (-Daws, -Smith)",1981,2:29:36,"Duluth, MN (USA)",20 JUN 1981
"Lorraine Mary Moller (-Daws, -Smith)",1980,2:31:42,"Eugene, OR (USA)",07 SEP 1980
Sissel Sofie Grottenberg,1996,2:34:56,"Duluth, MN (USA)",22 JUN 1996
Sissel Sofie Grottenberg,1994,2:36:17,Wien (AUT),10 APR 1994
Sissel Sofie Grottenberg,1993,2:36:50,Frankfurt (GER),17 OCT 1993
Sissel Sofie Grottenberg,1991,2:33:21,London (GBR),21 APR 1991
Sissel Sofie Grottenberg,1990,2:34:55,St. Paul (USA),14 OCT 1990
Sissel Sofie Grottenberg,1989,2:33:55,Berlin (GER),01 OCT 1989
Sissel Sofie Grottenberg,1988,2:35:57,"Houston, TX (USA)",17 JAN 1988
Sissel Sofie Grottenberg,1987,2:32:57,Berlin (GER),04 OCT 1987
Sissel Sofie Grottenberg,1981,2:39:38,"Houston, TX (USA)",10 JAN 1981
Sissel Sofie Grottenberg,1980,2:49:13,Selbu (NOR),06 SEP 1980
Kirsten Melkevik (-Kirsten Marathon) Otterbu (-Melkevik-),2011,2:35:09,Frankfurt (GER),30 OCT 2011
Kirsten Melkevik (-Kirsten Marathon) Otterbu (-Melkevik-),2010,2:36:22,Düsseldorf (GER),02 MAY 2010
Kirsten Melkevik (-Kirsten Marathon) Otterbu (-Melkevik-),2008,2:29:40,Frankfurt (GER),26 OCT 2008
Kirsten Melkevik (-Kirsten Marathon) Otterbu (-Melkevik-),2007,2:29:12,Frankfurt (GER),28 OCT 2007
Kirsten Melkevik (-Kirsten Marathon) Otterbu (-Melkevik-),2006,2:31:20,Frankfurt (GER),29 OCT 2006
Kirsten Melkevik (-Kirsten Marathon) Otterbu (-Melkevik-),2005,2:33:09,Hamburg (GER),24 APR 2005
Stine Elisabeth Larsen,2006,2:37:31,London (GBR),23 APR 2006
Stine Elisabeth Larsen,2004,2:32:53,Hamburg (GER),18 APR 2004
Stine Elisabeth Larsen,2003,2:27:12,Torino (ITA),13 APR 2003
Stine Elisabeth Larsen,2002,2:27:06,Amsterdam (NED),20 OCT 2002
Jovana de la Cruz Capani,2019,2:37:41,Düsseldorf (GER),28 APR 2019
Jovana de la Cruz Capani,2016,2:31:33,"Houston, TX (USA)",17 JAN 2016
Jovana de la Cruz Capani,2015,2:35:05,Toronto (CAN),18 OCT 2015
Gladys Lucy Tejeda Pucuhuaranga,2020,2:27:07,Sevilla (ESP),23 FEB 2020
Gladys Lucy Tejeda Pucuhuaranga,2019,2:30:55,Lima (PER),27 JUL 2019
Gladys Lucy Tejeda Pucuhuaranga,2018,2:30:44,Osaka (JPN),28 JAN 2018
Gladys Lucy Tejeda Pucuhuaranga,2017,2:36:15,Ciudad de México (MEX),27 AUG 2017
Gladys Lucy Tejeda Pucuhuaranga,2016,2:29:55,"Estádio Olímpico, Rio de Janeiro (BRA)",14 AUG 2016
Gladys Lucy Tejeda Pucuhuaranga,2015,2:28:12,Rotterdam (NED),12 APR 2015
Gladys Lucy Tejeda Pucuhuaranga,2013,2:31:48,Santiago de Chile (CHI),07 APR 2013
Gladys Lucy Tejeda Pucuhuaranga,2012,2:32:07,"Olympic Stadium, London (GBR)",05 AUG 2012
Gladys Lucy Tejeda Pucuhuaranga,2011,2:32:32,Seoul (KOR),20 MAR 2011
Wilma Yanet Arizapana Yucra,2017,2:30:45,Daegu (KOR),02 APR 2017
Wilma Yanet Arizapana Yucra,2016,2:31:34,Rotterdam (NED),10 APR 2016
Wilma Yanet Arizapana Yucra,2015,2:33:21,Berlin (GER),27 SEP 2015
Wilma Yanet Arizapana Yucra,2012,2:34:11,Rotterdam (NED),15 APR 2012
Mara Portillo Cruz,2009,2:40:32,"Baltimore, MD (USA)",10 OCT 2009
Mara Portillo Cruz,2008,2:35:19,"National Stadium, Beijing (CHN)",17 AUG 2008
Mara Portillo Cruz,2007,2:37:40,"Tempe, AZ (USA)",13 JAN 2007
Mara Portillo Cruz,2006,2:36:24,"Baltimore, MD (USA)",14 OCT 2006
Mara Portillo Cruz,2005,2:35:35,"Dallas, TX (USA)",11 DEC 2005
Mara Portillo Cruz,2004,2:39:50,"Dallas, TX (USA)",12 DEC 2004
Mara Portillo Cruz,2001,2:37:07,Torreón (MEX),04 MAR 2001
Mara Portillo Cruz,2000,2:35:24,"Los Angeles, CA (USA)",05 MAR 2000
Mary Joy Tabal,2019,2:49:57,Ottawa (CAN),26 MAY 2019
Mary Joy Tabal,2018,2:51:41,Jakarta (INA),26 AUG 2018
Mary Joy Tabal,2017,2:58:01,Cebu (PHI),03 DEC 2017
Mary Joy Tabal,2016,2:43:31,Ottawa (CAN),29 MAY 2016
Mary Joy Tabal,2015,3:04:39,Singapore (SGP),07 JUN 2015
Mary Joy Tabal,2014,2:51:55,Manila (PHI),13 DEC 2014
Mary Joy Tabal,2013,2:48:00,Manila (PHI),08 DEC 2013
Mary Joy Tabal,2012,3:05:12,Manila (PHI),09 DEC 2012
Mary Joy Tabal,2010,3:08:38,Manila (PHI),12 DEC 2010
Iwona Lewandowska,2017,2:29:37,Osaka (JPN),29 JAN 2017
Iwona Lewandowska,2016,2:30:15,Nagoya (JPN),13 MAR 2016
Iwona Lewandowska,2015,2:27:47,London (GBR),26 APR 2015
Iwona Lewandowska,2014,2:28:33,Eindhoven (NED),12 OCT 2014
Iwona Lewandowska,2012,2:28:36,Frankfurt (GER),28 OCT 2012
Iwona Lewandowska,2011,2:30:38,Berlin (GER),25 SEP 2011
Iwona Lewandowska,2010,2:41:58,Warszawa (POL),26 SEP 2010
Dorota Gruca (-Giecek-),2010,2:39:19,Debno (POL),24 OCT 2010
Dorota Gruca (-Giecek-),2009,2:36:07,"San Antonio, TX (USA)",15 NOV 2009
Dorota Gruca (-Giecek-),2008,2:31:54,Nagano (JPN),20 APR 2008
Dorota Gruca (-Giecek-),2007,2:30:10,Amsterdam (NED),21 OCT 2007
Dorota Gruca (-Giecek-),2006,2:29:17,Osaka (JPN),29 JAN 2006
Dorota Gruca (-Giecek-),2005,2:27:46,"Olympic Stadium, Helsinki (FIN)",14 AUG 2005
Dorota Gruca (-Giecek-),2004,2:28:49,Mazatlán (MEX),28 NOV 2004
Dorota Gruca (-Giecek-),2003,2:34:23,Dortmund (GER),11 MAY 2003
Dorota Gruca (-Giecek-),2002,2:31:08,Nagano (JPN),14 APR 2002
Dorota Gruca (-Giecek-),2001,2:34:55,St. Paul (USA),07 OCT 2001
Dorota Gruca (-Giecek-),2000,2:37:22,Poznan (POL),15 OCT 2000
Helena Maria Mendes Sampaio,2004,2:49:18,"Olympic Stadium, Athina (GRE)",22 AUG 2004
Helena Maria Mendes Sampaio,2003,2:28:06,Amsterdam (NED),19 OCT 2003
Helena Maria Mendes Sampaio,2000,2:29:34,Berlin (GER),10 SEP 2000
Ana Maria Guerreiro Dias,1996,2:36:39,"Olympic Stadium, Atlanta, GA (USA)",28 JUL 1996
Ana Maria Guerreiro Dias,1995,2:29:35,Reims (FRA),22 OCT 1995
Ana Maria Guerreiro Dias,1993,2:26:49,Berlin (GER),26 SEP 1993
Maria Manuela Castro Machado,2000,2:26:41,London (GBR),16 APR 2000
Maria Manuela Castro Machado,1999,2:25:11,London (GBR),18 APR 1999
Maria Manuela Castro Machado,1998,2:27:10,"Népstadion, Budapest (HUN)",23 AUG 1998
Maria Manuela Castro Machado,1997,2:28:12,London (GBR),13 APR 1997
Maria Manuela Castro Machado,1996,2:29:32,Tokyo (JPN),17 NOV 1996
Maria Manuela Castro Machado,1995,2:27:53,London (GBR),02 APR 1995
Maria Manuela Castro Machado,1994,2:29:54,"Olympic Stadium, Helsinki (FIN)",07 AUG 1994
Maria Manuela Castro Machado,1993,2:30:54,"Gottlieb-Daimler Stadion, Stuttgart (GER)",15 AUG 1993
Maria Manuela Castro Machado,1992,2:38:22,"Estadio Olímpico, Barcelona (ESP)",01 AUG 1992
Maria Manuela Castro Machado,1991,2:32:33,"Olympic Stadium, Tokyo (JPN)",25 AUG 1991
Maria Manuela Castro Machado,1990,2:33:46,"Pittsburgh, PA (USA)",06 MAY 1990
Ana Dulce Ferreira Flix,2018,2:25:24,Valencia (ESP),02 DEC 2018
Ana Dulce Ferreira Flix,2016,2:30:39,"Estádio Olímpico, Rio de Janeiro (BRA)",14 AUG 2016
Ana Dulce Ferreira Flix,2015,2:25:15,London (GBR),26 APR 2015
Ana Dulce Ferreira Flix,2014,2:26:46,London (GBR),13 APR 2014
Ana Dulce Ferreira Flix,2012,2:28:12,"Olympic Stadium, London (GBR)",05 AUG 2012
Ana Dulce Ferreira Flix,2011,2:25:40,"New York, NY (USA)",06 NOV 2011
Paula Claudia Todoran,2018,2:47:58,"Olympiastadion, Berlin (GER)",12 AUG 2018
Paula Claudia Todoran,2017,2:43:56,Hamburg (GER),23 APR 2017
Paula Claudia Todoran,2016,2:36:44,Sevilla (ESP),21 FEB 2016
Paula Claudia Todoran,2015,2:45:14,Hamburg (GER),26 APR 2015
Paula Claudia Todoran,2014,2:41:24,Bucuresti (ROU),05 OCT 2014
Paula Claudia Todoran,2013,2:43:17,Pisa (ITA),15 DEC 2013
Paula Claudia Todoran,2012,2:48:20,Bucuresti (ROU),07 OCT 2012
Paula Claudia Todoran,2011,2:43:28,Bucuresti (ROU),09 OCT 2011
Paula Claudia Todoran,2010,2:44:23,Kavarna (BUL),08 MAY 2010
Paula Claudia Todoran,2009,2:51:32,Bucuresti (ROU),18 OCT 2009
Camelia Alina Gherasim (Tecua-),2015,3:06:59,Bucuresti (ROU),04 OCT 2015
Camelia Alina Gherasim (Tecua-),2013,2:48:56,Caen (FRA),16 JUN 2013
Camelia Alina Gherasim (Tecua-),2012,2:59:47,Bucuresti (ROU),07 OCT 2012
Camelia Alina Gherasim (Tecua-),2011,2:58:34,Casablanca (MAR),23 OCT 2011
Camelia Alina Gherasim (Tecua-),2008,2:51:58,Târgu Jiu (ROU),30 MAR 2008
Camelia Alina Gherasim (Tecua-),2007,2:32:33,Nagoya (JPN),11 MAR 2007
Camelia Alina Gherasim (Tecua-),2006,2:29:30,Nagoya (JPN),12 MAR 2006
Camelia Alina Gherasim (Tecua-),2005,2:43:44,Monaco (MON),13 NOV 2005
Camelia Alina Gherasim (Tecua-),2001,2:29:16,Paris (FRA),08 APR 2001
Camelia Alina Gherasim (Tecua-),2000,2:28:17,Paris (FRA),09 APR 2000
Camelia Alina Gherasim (Tecua-),1999,2:30:14,Paris (FRA),04 APR 1999
Camelia Alina Gherasim (Tecua-),1998,2:28:37,Paris (FRA),05 APR 1998
Camelia Alina Gherasim (Tecua-),1997,2:29:24,Paris (FRA),06 APR 1997
Camelia Alina Gherasim (Tecua-),1996,2:29:32,Paris (FRA),21 APR 1996
Svetlana Vladimirovna Zakharova (Vasilyeva-),1981,2:46:48,Moskva (URS),28 JUN 1981
Madina Ulfatovna Biktagirova,2009,2:49:15,"Nashville, TN (USA)",25 APR 2009
Madina Ulfatovna Biktagirova,2008,2:47:00,Singapore (SGP),07 DEC 2008
Madina Ulfatovna Biktagirova,2007,2:43:28,Singapore (SGP),02 DEC 2007
Madina Ulfatovna Biktagirova,2005,2:37:17,Mumbai (IND),16 JAN 2005
Madina Ulfatovna Biktagirova,2004,2:38:48,Nagano (JPN),11 APR 2004
Madina Ulfatovna Biktagirova,2003,2:28:23,Nagano (JPN),20 APR 2003
Madina Ulfatovna Biktagirova,2002,2:25:20,"Chicago, IL (USA)",13 OCT 2002
Madina Ulfatovna Biktagirova,2001,2:27:14,London (GBR),22 APR 2001
Madina Ulfatovna Biktagirova,2000,2:26:33,"Olympic Stadium, Sydney (AUS)",24 SEP 2000
Madina Ulfatovna Biktagirova,1998,2:27:19,Nagoya (JPN),08 MAR 1998
Madina Ulfatovna Biktagirova,1997,2:24:46,Berlin (GER),28 SEP 1997
Madina Ulfatovna Biktagirova,1993,2:31:32,Tokyo (JPN),21 NOV 1993
Madina Ulfatovna Biktagirova,1992,2:26:23,"Los Angeles, CA (USA)",01 MAR 1992
Madina Ulfatovna Biktagirova,1991,2:32:02,Belaya Tserkov (URS),21 APR 1991
Madina Ulfatovna Biktagirova,1990,2:36:02,Kaliningrad (URS),22 APR 1990
Madina Ulfatovna Biktagirova,1989,2:38:56,Birmingham (GBR),24 SEP 1989
Irina Nikolayevna Timofeyeva (Grigoryeva-),2009,2:30:07,Nagano (JPN),19 APR 2009
Irina Nikolayevna Timofeyeva (Grigoryeva-),2008,2:24:14,Hamburg (GER),27 APR 2008
Irina Nikolayevna Timofeyeva (Grigoryeva-),2007,2:26:54,Berlin (GER),30 SEP 2007
Irina Nikolayevna Timofeyeva (Grigoryeva-),2006,2:27:22,Paris (FRA),09 APR 2006
Irina Nikolayevna Timofeyeva (Grigoryeva-),2005,2:30:11,Paris (FRA),10 APR 2005
Irina Nikolayevna Timofeyeva (Grigoryeva-),2004,2:38:02,Praha (CZE),23 MAY 2004
Irina Nikolayevna Timofeyeva (Grigoryeva-),2003,2:38:06,"Stade de France, Paris-St-Denis (FRA)",31 AUG 2003
Irina Nikolayevna Timofeyeva (Grigoryeva-),2002,2:26:45,Tokyo (JPN),17 NOV 2002
Irina Nikolayevna Timofeyeva (Grigoryeva-),2001,2:25:29,Tokyo (JPN),18 NOV 2001
Irina Nikolayevna Timofeyeva (Grigoryeva-),2000,2:29:13,"Chicago, IL (USA)",22 OCT 2000
Irina Nikolayevna Timofeyeva (Grigoryeva-),1999,2:27:46,Paris (FRA),04 APR 1999
Irina Nikolayevna Timofeyeva (Grigoryeva-),1998,2:34:44,"Népstadion, Budapest (HUN)",23 AUG 1998
Irina Nikolayevna Timofeyeva (Grigoryeva-),1997,2:36:53,"Hartford, CT (USA)",18 OCT 1997
Lyubov Vasilyevna Morgunova,2011,2:30:27,Moskva (RUS),14 MAY 2011
Lyubov Vasilyevna Morgunova,2010,2:33:17,Praha (CZE),09 MAY 2010
Lyubov Vasilyevna Morgunova,2009,2:29:42,"Los Angeles, CA (USA)",25 MAY 2009
Lyubov Vasilyevna Morgunova,2008,2:25:12,Rotterdam (NED),13 APR 2008
Lyubov Vasilyevna Morgunova,2007,2:29:34,Nagano (JPN),15 APR 2007
Lyubov Vasilyevna Morgunova,2005,2:40:47,"Honolulu, HI (USA)",11 DEC 2005
Lyubov Vasilyevna Morgunova,2004,2:27:33,"Honolulu, HI (USA)",13 DEC 2004
Lyubov Vasilyevna Morgunova,2003,2:36:20,Toronto (CAN),28 SEP 2003
Lyubov Vasilyevna Morgunova,2001,2:28:54,"Commonwealth Stadium, Edmonton (CAN)",12 AUG 2001
Lyubov Vasilyevna Morgunova,2000,2:26:33,London (GBR),16 APR 2000
Lyubov Vasilyevna Morgunova,1999,2:27:43,Nagoya (JPN),14 MAR 1999
Lyubov Vasilyevna Morgunova,1998,2:28:51,Beijing (CHN),10 OCT 1998
Lyubov Vasilyevna Morgunova,1997,2:30:43,St. Paul (USA),05 OCT 1997
Lyubov Vasilyevna Morgunova,1996,2:37:30,Cesano Boscone (ITA),20 OCT 1996
Lyudmila Nikolayevna Petrova (Yakimova-),2010,2:29:41,"New York, NY (USA)",07 NOV 2010
Lyudmila Nikolayevna Petrova (Yakimova-),2009,2:27:42,London (GBR),26 APR 2009
Lyudmila Nikolayevna Petrova (Yakimova-),2008,2:26:45,London (GBR),13 APR 2008
Lyudmila Nikolayevna Petrova (Yakimova-),2006,2:21:29,London (GBR),23 APR 2006
Lyudmila Nikolayevna Petrova (Yakimova-),2005,2:26:29,London (GBR),17 APR 2005
Lyudmila Nikolayevna Petrova (Yakimova-),2004,2:26:02,London (GBR),18 APR 2004
Lyudmila Nikolayevna Petrova (Yakimova-),2003,2:23:14,London (GBR),13 APR 2003
Lyudmila Nikolayevna Petrova (Yakimova-),2002,2:22:33,London (GBR),14 APR 2002
Lyudmila Nikolayevna Petrova (Yakimova-),1999,2:38:12,"Chicago, IL (USA)",24 OCT 1999
Lyudmila Nikolayevna Petrova (Yakimova-),1998,2:30:26,"Népstadion, Budapest (HUN)",23 AUG 1998
Lyudmila Nikolayevna Petrova (Yakimova-),1997,2:39:26,Istanbul (TUR),12 OCT 1997
Lyudmila Nikolayevna Petrova (Yakimova-),1988,2:37:37,Ufa (URS),10 SEP 1988
Claudette Mukasakindi,2019,2:46:23,"Five Rings Sports Center, Wuhan (CHN)",27 OCT 2019
Claudette Mukasakindi,2016,3:05:57,"Estádio Olímpico, Rio de Janeiro (BRA)",14 AUG 2016
Claudette Mukasakindi,2015,2:41:33,Firenze (ITA),29 NOV 2015
Claudette Mukasakindi,2012,2:40:18,Cagliari (ITA),06 MAY 2012
Marcianne Mukamurenzi,1988,2:36:53,Paris (FRA),15 MAY 1988
Marcianne Mukamurenzi,1987,2:49:38,"Stadio Olimpico, Roma (ITA)",29 AUG 1987
Sarah Amer Attar,2018,3:07:16,"Chicago, IL (USA)",07 OCT 2018
Sarah Amer Attar,2016,3:16:11,"Estádio Olímpico, Rio de Janeiro (BRA)",14 AUG 2016
Tanith Gaelene Maxwell,2018,2:49:49,Cape Town (RSA),23 SEP 2018
Tanith Gaelene Maxwell,2016,2:45:26,Cape Town (RSA),18 SEP 2016
Tanith Gaelene Maxwell,2015,2:39:43,Las Palmas (ESP),25 JAN 2015
Tanith Gaelene Maxwell,2014,2:43:34,Brighton (GBR),06 APR 2014
Tanith Gaelene Maxwell,2013,2:56:37,"Luzhniki, Moskva (RUS)",10 AUG 2013
Tanith Gaelene Maxwell,2012,2:36:47,Rotterdam (NED),15 APR 2012
Tanith Gaelene Maxwell,2011,2:39:07,London (GBR),17 APR 2011
Tanith Gaelene Maxwell,2010,2:32:33,Berlin (GER),26 SEP 2010
Tanith Gaelene Maxwell,2009,2:41:48,"Olympiastadion, Berlin (GER)",23 AUG 2009
Tanith Gaelene Maxwell,2008,2:37:35,Roma (ITA),16 MAR 2008
Tanith Gaelene Maxwell,2007,2:40:46,Port Elizabeth (RSA),10 FEB 2007
Tanith Gaelene Maxwell,2006,2:41:47,Melbourne (AUS),19 MAR 2006
Tanith Gaelene Maxwell,2005,2:41:03,Frankfurt (GER),30 OCT 2005
Tanith Gaelene Maxwell,2004,2:48:28,Cape Town (RSA),12 SEP 2004
Christine Kalmer,2019,2:40:51,Nagoya (JPN),10 MAR 2019
Christine Kalmer,2018,2:42:11,Cape Town (RSA),23 SEP 2018
Christine Kalmer,2016,2:48:24,"Estádio Olímpico, Rio de Janeiro (BRA)",14 AUG 2016
Christine Kalmer,2015,2:33:43,Valencia (ESP),15 NOV 2015
Dina Lebo Phalula,2019,2:50:04,Cape Town (RSA),15 SEP 2019
Dina Lebo Phalula,2016,2:33:48,Enschede (NED),17 APR 2016
Dina Lebo Phalula,2015,2:38:55,Cape Town (RSA),20 SEP 2015
Lee Mi-Ok,1992,2:36:44,Chuncheon (KOR),22 MAR 1992
Lee Mi-Ok,1991,2:41:43,Seoul (KOR),17 MAR 1991
Lee Mi-Ok,1990,2:36:31,Beijing (CHN),30 SEP 1990
Lee Mi-Ok,1988,2:32:51,"Olympic Stadium, Jamsil, Seoul (KOR)",23 SEP 1988
Ana Isabel Alonso Nieto,2010,3:09:53,San Sebastián (ESP),28 NOV 2010
Ana Isabel Alonso Nieto,2000,2:30:21,Rotterdam (NED),16 APR 2000
Ana Isabel Alonso Nieto,1999,2:29:54,Rotterdam (NED),18 APR 1999
Ana Isabel Alonso Nieto,1998,2:30:05,Barcelona (ESP),15 MAR 1998
Ana Isabel Alonso Nieto,1997,2:30:06,Barcelona (ESP),16 MAR 1997
Ana Isabel Alonso Nieto,1996,2:44:12,"Olympic Stadium, Atlanta, GA (USA)",28 JUL 1996
Ana Isabel Alonso Nieto,1995,2:26:51,San Sebastián (ESP),15 OCT 1995
Ana Isabel Alonso Nieto,1994,2:33:18,Sevilla (ESP),27 FEB 1994
Ana Isabel Alonso Nieto,1993,2:42:53,"Gottlieb-Daimler Stadion, Stuttgart (GER)",15 AUG 1993
Ana Isabel Alonso Nieto,1992,2:35:34,San Sebastián (ESP),11 OCT 1992
Mara Elena Espeso Gayte,2014,2:35:48,Sevilla (ESP),23 FEB 2014
Mara Elena Espeso Gayte,2012,2:30:52,Barcelona (ESP),25 MAR 2012
Mara Elena Espeso Gayte,2011,2:36:46,Hamburg (GER),22 MAY 2011
Alessandra Aguilar Morn,2017,2:34:42,Nagoya (JPN),12 MAR 2017
Alessandra Aguilar Morn,2015,2:29:45,London (GBR),26 APR 2015
Alessandra Aguilar Morn,2013,2:27:03,Rotterdam (NED),14 APR 2013
Alessandra Aguilar Morn,2012,2:29:19,"Olympic Stadium, London (GBR)",05 AUG 2012
Alessandra Aguilar Morn,2011,2:27:00,Rotterdam (NED),10 APR 2011
Alessandra Aguilar Morn,2010,2:35:04,"Estadio Olímpico, Barcelona (ESP)",31 JUL 2010
Alessandra Aguilar Morn,2009,2:29:01,Hamburg (GER),26 APR 2009
Alessandra Aguilar Morn,2008,2:29:03,Rotterdam (NED),13 APR 2008
Yesenia Centeno Sousa,2011,2:38:25,Castellón (ESP),18 DEC 2011
Yesenia Centeno Sousa,2008,2:31:16,Hamburg (GER),27 APR 2008
Yesenia Centeno Sousa,2005,2:36:43,Rotterdam (NED),10 APR 2005
Yesenia Centeno Sousa,2004,2:56:47,Trieste (ITA),02 MAY 2004
Yesenia Centeno Sousa,2000,2:41:08,Madrid (ESP),30 APR 2000
Yesenia Centeno Sousa,1998,2:44:57,Madrid (ESP),26 APR 1998
Mara Dolores Pulido Fernndez,2009,2:43:59,Madrid (ESP),26 APR 2009
Mara Dolores Pulido Fernndez,2008,2:44:04,Zaragoza (ESP),28 SEP 2008
Mara Dolores Pulido Fernndez,2004,2:44:33,"Olympic Stadium, Athina (GRE)",22 AUG 2004
Beatriz Ros Blanco,2011,2:33:11,Castellón (ESP),18 DEC 2011
Beatriz Ros Blanco,2010,2:32:28,Rotterdam (NED),11 APR 2010
Beatriz Ros Blanco,2004,2:30:43,Paris (FRA),04 APR 2004
Beatriz Ros Blanco,2003,2:29:25,"Stade de France, Paris-St-Denis (FRA)",31 AUG 2003
Beatriz Ros Blanco,2002,2:34:57,Torino (ITA),21 APR 2002
Vanessa Veiga Comesaa,2013,2:35:57,Valencia (ESP),17 NOV 2013
Vanessa Veiga Comesaa,2012,2:46:53,"Olympic Stadium, London (GBR)",05 AUG 2012
Vanessa Veiga Comesaa,2011,2:32:57,Castellón (ESP),18 DEC 2011
Evy Gunilla Palm (Warnicke-),1989,2:31:05,London (GBR),23 APR 1989
Evy Gunilla Palm (Warnicke-),1988,2:31:35,London (GBR),17 APR 1988
Evy Gunilla Palm (Warnicke-),1987,2:35:14,Stockholm (SWE),30 MAY 1987
Evy Gunilla Palm (Warnicke-),1986,2:32:47,"Boston, MA (USA)",21 APR 1986
Evy Gunilla Palm (Warnicke-),1983,2:51:49,"Olympic Stadium, Helsinki (FIN)",07 AUG 1983
Isabellah Moraa Andersson (Amoro-),2018,2:34:52,Hamburg (GER),29 APR 2018
Isabellah Moraa Andersson (Amoro-),2016,2:30:02,Tokyo (JPN),28 FEB 2016
Isabellah Moraa Andersson (Amoro-),2015,2:34:14,Stockholm (SWE),30 MAY 2015
Isabellah Moraa Andersson (Amoro-),2014,2:32:28,Stockholm (SWE),31 MAY 2014
Isabellah Moraa Andersson (Amoro-),2013,2:26:05,Dubai (UAE),25 JAN 2013
Isabellah Moraa Andersson (Amoro-),2012,2:25:41,Dubai (UAE),27 JAN 2012
Isabellah Moraa Andersson (Amoro-),2011,2:23:41,Dubai (UAE),21 JAN 2011
Isabellah Moraa Andersson (Amoro-),2010,2:25:10,Frankfurt (GER),31 OCT 2010
Isabellah Moraa Andersson (Amoro-),2009,2:33:52,Stockholm (SWE),31 MAY 2009
Isabellah Moraa Andersson (Amoro-),2008,2:34:14,Stockholm (SWE),31 MAY 2008
Genoveva Eichenmann,1988,2:34:43,Zürich (SUI),24 APR 1988
Genoveva Eichenmann,1987,2:35:40,Seoul (KOR),11 APR 1987
Genoveva Eichenmann,1986,2:36:41,Zürich (SUI),13 APR 1986
Genoveva Eichenmann,1985,2:38:50,Tenero (SUI),10 NOV 1985
Maja Doris Neuenschwander,2019,2:46:24,Berlin (GER),29 SEP 2019
Maja Doris Neuenschwander,2016,2:27:36,Tokyo (JPN),28 FEB 2016
Maja Doris Neuenschwander,2015,2:26:49,Berlin (GER),27 SEP 2015
Maja Doris Neuenschwander,2014,2:31:08,"Letzigrund, Zürich (SUI)",16 AUG 2014
Maja Doris Neuenschwander,2013,2:29:42,Frankfurt (GER),27 OCT 2013
Maja Doris Neuenschwander,2012,2:31:56,Zürich (SUI),22 APR 2012
Maja Doris Neuenschwander,2011,2:33:45,Berlin (GER),25 SEP 2011
Maja Doris Neuenschwander,2010,2:45:17,"Estadio Olímpico, Barcelona (ESP)",31 JUL 2010
Maja Doris Neuenschwander,2009,2:35:44,Berlin (GER),20 SEP 2009
Maja Doris Neuenschwander,2008,2:38:53,Berlin (GER),28 SEP 2008
Maja Doris Neuenschwander,2007,2:40:01,Berlin (GER),30 SEP 2007
Maja Doris Neuenschwander,2006,2:44:24,Zürich (SUI),09 APR 2006
Daria Nauer (-Lyrenmann),2000,2:43:00,"Olympic Stadium, Sydney (AUS)",24 SEP 2000
Daria Nauer (-Lyrenmann),1999,2:32:38,Berlin (GER),26 SEP 1999
Jane Vongvorachoti,2019,2:48:34,Sevilla (ESP),17 FEB 2019
Jane Vongvorachoti,2018,3:03:11,Jakarta (INA),26 AUG 2018
Jane Vongvorachoti,2016,2:42:09,"Houston, TX (USA)",17 JAN 2016
Jane Vongvorachoti,2015,2:46:47,Berlin (GER),27 SEP 2015
Jane Vongvorachoti,2014,2:40:40,"Chicago, IL (USA)",12 OCT 2014
Jane Vongvorachoti,2012,2:59:45,Ottawa (CAN),27 MAY 2012
Natthaya Thanaronnawat,2016,2:44:45,"Houston, TX (USA)",17 JAN 2016
Natthaya Thanaronnawat,2015,3:03:25,Singapore (SGP),07 JUN 2015
Natthaya Thanaronnawat,2012,3:07:14,Samui Island (THA),23 SEP 2012
Natthaya Thanaronnawat,2011,2:53:35,Pattaya (THA),17 JUL 2011
Aguida Fatima Amaral,2004,3:18:25,"Olympic Stadium, Athina (GRE)",22 AUG 2004
Aguida Fatima Amaral,2000,3:10:55,"Olympic Stadium, Sydney (AUS)",24 SEP 2000
Amira Ben Amor,2015,2:45:40,Paris (FRA),12 APR 2015
Amira Ben Amor,2012,2:40:13,"Olympic Stadium, London (GBR)",05 AUG 2012
Amira Ben Amor,2011,2:42:15,Athina (GRE),13 NOV 2011
Sultan Haydar,2016,2:53:57,"Estádio Olímpico, Rio de Janeiro (BRA)",14 AUG 2016
Sultan Haydar,2015,2:24:44,Dubai (UAE),23 JAN 2015
Sultan Haydar,2014,2:27:54,Dubai (UAE),24 JAN 2014
Sultan Haydar,2013,2:27:10,Roma (ITA),17 MAR 2013
Sultan Haydar,2012,2:25:09,Paris (FRA),15 APR 2012
Sultan Haydar,2011,2:35:06,Istanbul (TUR),16 OCT 2011
Esma Aydemir,2017,2:44:57,Istanbul (TUR),12 NOV 2017
Esma Aydemir,2016,2:35:22,Rotterdam (NED),10 APR 2016
Tracey Anne Morris (Jones-),2007,2:36:40,"Nagai Stadium, Osaka (JPN)",02 SEP 2007
Tracey Anne Morris (Jones-),2006,2:33:13,Melbourne (AUS),19 MAR 2006
Tracey Anne Morris (Jones-),2004,2:33:52,London (GBR),18 APR 2004
Mara Rosalind Yamauchi (Myers-),2011,2:27:24,Yokohama (JPN),20 NOV 2011
Mara Rosalind Yamauchi (Myers-),2010,2:26:16,London (GBR),25 APR 2010
Mara Rosalind Yamauchi (Myers-),2009,2:23:12,London (GBR),26 APR 2009
Mara Rosalind Yamauchi (Myers-),2008,2:25:03,Tokyo (JPN),16 NOV 2008
Mara Rosalind Yamauchi (Myers-),2007,2:25:41,London (GBR),22 APR 2007
Mara Rosalind Yamauchi (Myers-),2006,2:25:13,London (GBR),23 APR 2006
Mara Rosalind Yamauchi (Myers-),2005,2:27:38,Tokyo (JPN),20 NOV 2005
Mara Rosalind Yamauchi (Myers-),2004,2:39:16,London (GBR),18 APR 2004
Freya Murray (-Ross),2016,2:37:50,"Chicago, IL (USA)",09 OCT 2016
Freya Murray (-Ross),2013,2:35:19,Yokohama (JPN),17 NOV 2013
Freya Murray (-Ross),2012,2:28:10,London (GBR),22 APR 2012
Claire Anne Hallissey (Willer-),2012,2:27:44,London (GBR),22 APR 2012
Claire Anne Hallissey (Willer-),2011,2:29:27,"Chicago, IL (USA)",09 OCT 2011
Claire Anne Hallissey (Willer-),2010,2:36:13,"New York, NY (USA)",07 NOV 2010
Alyson Dixon,2020,2:43:40,Tokyo (JPN),01 MAR 2020
Alyson Dixon,2018,2:38:19,Gold Coast (AUS),15 APR 2018
Alyson Dixon,2017,2:29:06,London (GBR),23 APR 2017
Alyson Dixon,2016,2:31:52,London (GBR),24 APR 2016
Alyson Dixon,2015,2:29:30,Berlin (GER),27 SEP 2015
Alyson Dixon,2013,2:31:10,Brighton (GBR),14 APR 2013
Alyson Dixon,2012,2:35:46,London (GBR),22 APR 2012
Alyson Dixon,2011,2:34:51,Brighton (GBR),10 APR 2011
Alyson Dixon,2010,2:42:50,"New York, NY (USA)",07 NOV 2010
Sonia Samuels,2019,2:36:50,London (GBR),28 APR 2019
Sonia Samuels,2018,2:36:59,Gold Coast (AUS),15 APR 2018
Sonia Samuels,2017,2:29:34,Berlin (GER),24 SEP 2017
Sonia Samuels,2016,2:32:00,London (GBR),24 APR 2016
Sonia Samuels,2015,2:28:04,Berlin (GER),27 SEP 2015
Sonia Samuels,2013,2:39:03,"Luzhniki, Moskva (RUS)",10 AUG 2013
Sonia Samuels,2012,2:30:56,Berlin (GER),30 SEP 2012
Paula Jane Radcliffe (-Lough),2015,2:36:55,London (GBR),26 APR 2015
Paula Jane Radcliffe (-Lough),2011,2:23:46,Berlin (GER),25 SEP 2011
Paula Jane Radcliffe (-Lough),2008,2:32:38,"National Stadium, Beijing (CHN)",17 AUG 2008
Paula Jane Radcliffe (-Lough),2005,2:17:42,London (GBR),17 APR 2005
Paula Jane Radcliffe (-Lough),2003,2:15:25,London (GBR),13 APR 2003
Paula Jane Radcliffe (-Lough),2002,2:17:18,"Chicago, IL (USA)",13 OCT 2002
Susan Julia Tooby (-Wightman),1990,2:55:22,"Poljud Stadion, Split (CRO)",27 AUG 1990
Susan Julia Tooby (-Wightman),1988,2:31:33,"Olympic Stadium, Jamsil, Seoul (KOR)",23 SEP 1988
"Susan Sarah ""Sue"" Crehan (Smart-)",2006,2:21:46,London (GBR),23 APR 2006
"Susan Sarah ""Sue"" Crehan (Smart-)",2005,2:24:00,London (GBR),17 APR 2005
"Susan Sarah ""Sue"" Crehan (Smart-)",2003,2:23:12,London (GBR),13 APR 2003
"Susan Sarah ""Sue"" Crehan (Smart-)",2002,2:23:19,London (GBR),14 APR 2002
"Susan Sarah ""Sue"" Crehan (Smart-)",2001,2:25:45,Rotterdam (NED),22 APR 2001
"Susan Sarah ""Sue"" Crehan (Smart-)",1999,2:26:39,Rotterdam (NED),18 APR 1999
"Susan Sarah ""Sue"" Crehan (Smart-)",1998,2:28:19,Berlin (GER),20 SEP 1998
Anne Marie Lauck (Letko-),2000,2:36:05,"Columbia, SC (USA)",26 FEB 2000
Anne Marie Lauck (Letko-),1999,2:37:59,"Philadelphia, PA (USA)",21 NOV 1999
Anne Marie Lauck (Letko-),1996,2:31:18,"Columbia, SC (USA)",10 FEB 1996
"Jennifer L. ""Jen"" Rhines",2012,2:43:35,"Houston, TX (USA)",14 JAN 2012
"Jennifer L. ""Jen"" Rhines",2006,2:29:32,Roma (ITA),26 MAR 2006
"Jennifer L. ""Jen"" Rhines",2004,2:29:57,St. Louis (USA),03 APR 2004
"Jennifer L. ""Jen"" Rhines",2002,2:41:16,"Chicago, IL (USA)",13 OCT 2002
Blake Russell (Phillips-),2008,2:32:40,"Boston, MA (USA)",20 APR 2008
Blake Russell (Phillips-),2005,2:29:10,"Chicago, IL (USA)",09 OCT 2005
Blake Russell (Phillips-),2004,2:30:32,St. Louis (USA),03 APR 2004
Blake Russell (Phillips-),2003,2:30:41,St. Paul (USA),05 OCT 2003
Shalane Flanagan (-Edwards),2018,2:26:22,"New York, NY (USA)",04 NOV 2018
Shalane Flanagan (-Edwards),2017,2:26:53,"New York, NY (USA)",05 NOV 2017
Shalane Flanagan (-Edwards),2016,2:25:26,"Estádio Olímpico, Rio de Janeiro (BRA)",14 AUG 2016
Shalane Flanagan (-Edwards),2014,2:21:14,Berlin (GER),28 SEP 2014
Shalane Flanagan (-Edwards),2012,2:25:38,"Houston, TX (USA)",14 JAN 2012
Shalane Flanagan (-Edwards),2010,2:28:40,"New York, NY (USA)",07 NOV 2010
"Kara Goucher (Grgas-, Wheeler-)",2016,2:30:30,"Los Angeles, CA (USA)",13 FEB 2016
"Kara Goucher (Grgas-, Wheeler-)",2014,2:37:03,"New York, NY (USA)",02 NOV 2014
"Kara Goucher (Grgas-, Wheeler-)",2012,2:26:06,"Houston, TX (USA)",14 JAN 2012
"Kara Goucher (Grgas-, Wheeler-)",2009,2:27:48,"Olympiastadion, Berlin (GER)",23 AUG 2009
"Christine ""Chris"" Clark",2010,3:01:26,"Philadelphia, PA (USA)",21 NOV 2010
"Christine ""Chris"" Clark",2002,2:38:19,"Anchorage, AK (USA)",22 JUN 2002
"Christine ""Chris"" Clark",2000,2:31:35,"Olympic Stadium, Sydney (AUS)",24 SEP 2000
"Christine ""Chris"" Clark",1999,2:40:38,St. Paul (USA),03 OCT 1999
Jane Suuto,2013,2:46:33,Riga (LAT),19 MAY 2013
Jane Suuto,2012,2:42:08,Riga (LAT),20 MAY 2012
Jane Suuto,2011,2:37:43,Caen (FRA),19 JUN 2011
Jane Suuto,2009,2:40:31,Annecy (FRA),18 APR 2009
Jane Suuto,2008,2:48:20,Kampala (UGA),23 NOV 2008
Jane Suuto,2007,2:49:10,Caen (FRA),10 JUN 2007
Jane Suuto,2005,2:48:48,Kampala (UGA),20 NOV 2005
Olha Yevstafivna Kotovska,2019,2:33:55,Osaka (JPN),01 DEC 2019
Olha Yevstafivna Kotovska,2018,2:32:55,Daegu (KOR),01 APR 2018
Olha Yevstafivna Kotovska,2017,2:30:18,Daegu (KOR),02 APR 2017
Olha Yevstafivna Kotovska,2016,2:34:57,"Estádio Olímpico, Rio de Janeiro (BRA)",14 AUG 2016
Olha Yevstafivna Kotovska,2015,2:29:13,Hannover (GER),19 APR 2015
Olha Yevstafivna Kotovska,2013,2:30:04,Bournemouth (GBR),06 OCT 2013
Olha Yevstafivna Kotovska,2012,2:33:17,Mainz (GER),06 MAY 2012
Olha Yevstafivna Kotovska,2011,2:34:02,Mainz (GER),08 MAY 2011
Olha Yevstafivna Kotovska,2008,2:39:49,Kraków (POL),04 MAY 2008
Olha Yevstafivna Kotovska,2007,2:39:53,Košice (SVK),07 OCT 2007
Nataliya Serhivna Lehonkova,2019,2:38:26,Frankfurt (GER),27 OCT 2019
Nataliya Serhivna Lehonkova,2018,2:37:43,Warszawa (POL),22 APR 2018
Nataliya Serhivna Lehonkova,2017,2:28:58,Dublin (IRL),29 OCT 2017
Nataliya Serhivna Lehonkova,2016,2:46:08,"Estádio Olímpico, Rio de Janeiro (BRA)",14 AUG 2016
Nataliya Serhivna Lehonkova,2015,2:31:08,Dublin (IRL),26 OCT 2015
Nataliya Serhivna Lehonkova,2014,2:34:54,Linz (AUT),06 APR 2014
Nataliya Serhivna Lehonkova,2013,2:36:50,Belfast (GBR),06 MAY 2013
Nataliya Serhivna Lehonkova,2012,2:38:22,Toulouse (FRA),28 OCT 2012
Nataliya Serhivna Lehonkova,2011,2:43:48,Podgorica (MNE),30 OCT 2011
Nataliya Serhivna Lehonkova,2010,2:57:08,Debno (POL),24 OCT 2010
Nataliya Serhivna Lehonkova,2009,2:48:30,Ljubljana (SLO),25 OCT 2009
Nataliya Serhivna Lehonkova,2008,2:53:06,Košice (SVK),05 OCT 2008
Olena Ivanivna Burkovska,2016,2:57:21,Singapore (SGP),04 DEC 2016
Olena Ivanivna Burkovska,2015,2:29:45,Nagoya (JPN),08 MAR 2015
Olena Ivanivna Burkovska,2014,2:31:30,Istanbul (TUR),16 NOV 2014
Olena Ivanivna Burkovska,2013,2:27:07,Hannover (GER),05 MAY 2013
Olena Ivanivna Burkovska,2012,2:32:16,Seoul (KOR),18 MAR 2012
Olena Ivanivna Burkovska,2011,2:33:30,Tokyo (JPN),27 FEB 2011
Olena Ivanivna Burkovska,2010,2:28:31,Berlin (GER),26 SEP 2010
Olena Ivanivna Burkovska,2009,2:30:50,Košice (SVK),04 OCT 2009
Rutendo Joan Nyahora,2019,2:34:49,Wien (AUT),07 APR 2019
Rutendo Joan Nyahora,2017,2:42:53,"Olympic Stadium, London (GBR)",06 AUG 2017
Rutendo Joan Nyahora,2016,2:39:58,Wien (AUT),10 APR 2016
Tarath Tabitha Tsatsa,2019,2:58:32,Mossel Bay (RSA),24 AUG 2019
Tarath Tabitha Tsatsa,2017,2:49:56,Mossel Bay (RSA),23 SEP 2017
Tarath Tabitha Tsatsa,2016,2:48:15,Cape Town (RSA),18 SEP 2016
Tarath Tabitha Tsatsa,2015,2:49:44,Mossel Bay (RSA),26 SEP 2015
Tarath Tabitha Tsatsa,2014,2:47:08,Mossel Bay (RSA),27 SEP 2014
Tarath Tabitha Tsatsa,2013,2:46:50,Mossel Bay (RSA),28 SEP 2013
Tarath Tabitha Tsatsa,2012,2:41:34,Xiamen (CHN),07 JAN 2012
Tarath Tabitha Tsatsa,2011,2:34:00,Xiamen (CHN),02 JAN 2011
Tarath Tabitha Tsatsa,2010,2:30:39,Dublin (IRL),25 OCT 2010
Tarath Tabitha Tsatsa,2009,2:38:52,Nagoya (JPN),08 MAR 2009
Tarath Tabitha Tsatsa,2008,2:29:20,Seoul (KOR),16 MAR 2008
Tarath Tabitha Tsatsa,2007,2:30:12,Seoul (KOR),18 MAR 2007
Tarath Tabitha Tsatsa,2006,2:32:09,Taipei City (TPE),17 DEC 2006
Tarath Tabitha Tsatsa,2005,2:37:06,Köln (GER),11 SEP 2005
Tarath Tabitha Tsatsa,2002,2:45:08,Mainz (GER),20 MAY 2002
Linda Elisabeth Hunter,1988,2:53:17,"Olympic Stadium, Jamsil, Seoul (KOR)",23 SEP 1988
